FECHA;HORA;AUTOPISTA;BANDA y/o RAMAL;PK;CONDICIONES METEOROLÓGICAS;SUPERFICIE DE LA VIA;LESIONADOS;FALLECIDOS;TIPO DE SINIESTRO;MOTO;LVIANO;BUS;CAMION
1/1/2024;10;AU ILLIA;DESCENDENTE;900;BUENO;SECA;3;0;COLISION CON DOS O MAS VEHICULOS;0;2;0;0
1/1/2024;15;AU FRONDIZI;DESCENDENTE;200;BUENO;SECA;1;0;SINIESTRO DE UN SOLO VEHICULO / SIN COLISION;1;0;0;0
2/1/2024;11;AU 25 DE MAYO;DESCENDENTE;1900;BUENO;SECA;4;0;COLISION CON OBSTACULO FIJO;0;1;0;0
2/1/2024;13;AU 25 DE MAYO;DESCENDENTE;1850;BUENO;SECA;1;0;SINIESTRO DE UN SOLO VEHICULO / SIN COLISION;1;0;0;0
2/1/2024;15;AU 25 DE MAYO;DESCENDENTE;5000;BUENO;SECA;0;0;COLISION CON DOS O MAS VEHICULOS;0;2;0;0
3/1/2024;9;AV. LUGONES;DESCENDENTE;4300;BUENO;SECA;0;0;COLISION CON DOS O MAS VEHICULOS;1;1;0;0
4/1/2024;6;AV. LUGONES;DESCENDENTE;10200;BUENO;SECA;0;0;SINIESTRO DE UN SOLO VEHICULO / SIN COLISION;1;0;0;0
4/1/2024;7;AU 25 DE MAYO;DESCENDENTE;4700;BUENO;SECA;0;0;OBSTACULO NO FIJO;0;1;0;1
5/1/2024;15;AU PERITO MORENO;ASCENDENTE;900;BUENO;SECA;0;0;COLISION CON OBSTACULO FIJO;0;2;0;0
6/1/2024;6;PASEO DEL BAJO;DIST. SUR - RAMAL 1;-;BUENO;SECA;0;0;COLISION CON DOS O MAS VEHICULOS;0;0;0;2
6/1/2024;16;AV. LUGONES;DESCENDENTE;6500;BUENO;SECA;1;0;OBSTACULO NO FIJO;1;1;0;0
7/1/2024;15;AU 25 DE MAYO;ASCENDENTE;6000;LLUVIOSO;MOJADA/HUMEDA;2;0;COLISION CON DOS O MAS VEHICULOS;1;1;0;0
8/1/2024;20;AU 25 DE MAYO;DESCENDENTE;9200;BUENO;SECA;1;0;OBSTACULO NO FIJO;1;0;0;1
9/1/2024;10;AU 25 DE MAYO;DESCENDENTE;0;BUENO;SECA;1;0;COLISION CON OBSTACULO FIJO;1;0;0;0
9/1/2024;11;AU 25 DE MAYO;DESCENDENTE;1000;BUENO;SECA;0;0;COLISION CON DOS O MAS VEHICULOS;0;1;0;1
10/1/2024;8;AU 25 DE MAYO;ASCENDENTE;1900;BUENO;SECA;0;0;COLISION CON OBSTACULO FIJO;1;0;0;0
10/1/2024;18;PASEO DEL BAJO;DESCENDENTE;1800;LLUVIOSO;MOJADA/HUMEDA;0;0;OBSTACULO NO FIJO;0;1;0;2
11/1/2024;18;AU DELLEPIANE;DESCENDENTE;4100;BUENO;SECA;0;0;COLISION CON DOS O MAS VEHICULOS;0;2;0;0
12/1/2024;7;AU DELLEPIANE;ASCENDENTE;3000;BUENO;SECA;2;0;COLISION CON DOS O MAS VEHICULOS;0;1;0;1
12/1/2024;13;AU 25 DE MAYO;DESCENDENTE;3500;BUENO;SECA;0;0;COLISION CON DOS O MAS VEHICULOS;0;1;1;0
13/1/2024;13;AU 25 DE MAYO;ASCENDENTE;2900;BUENO;SECA;2;0;SINIESTRO DE UN SOLO VEHICULO / SIN COLISION;1;0;0;0
13/1/2024;15;AU FRONDIZI;DESCENDENTE;2100;BUENO;SECA;1;0;OBSTACULO NO FIJO;1;1;0;0
14/1/2024;7;AV. LUGONES;DESCENDENTE;10300;LLUVIOSO;MOJADA/HUMEDA;0;0;COLISION CON OBSTACULO FIJO;0;1;0;0
14/1/2024;15;AV. LUGONES;DESCENDENTE;7500;BUENO;SECA;0;0;COLISION CON DOS O MAS VEHICULOS;0;3;0;0
16/1/2024;6;AU PERITO MORENO;DESCENDENTE;3400;LLUVIOSO;MOJADA/HUMEDA;2;0;COLISION CON OBSTACULO FIJO;0;1;0;0
16/1/2024;11;AU 25 DE MAYO;ASCENDENTE;900;LLUVIOSO;MOJADA/HUMEDA;0;0;COLISION CON DOS O MAS VEHICULOS;0;1;0;0
17/1/2024;6;AU 25 DE MAYO;ASCENDENTE;2600;BUENO;SECA;1;0;COLISION CON DOS O MAS VEHICULOS;1;1;0;0
17/1/2024;10;AU DELLEPIANE;ASCENDENTE;2500;BUENO;SECA;0;0;COLISION CON DOS O MAS VEHICULOS;0;1;0;0
17/1/2024;14;AU PERITO MORENO;DESCENDENTE;2700;BUENO;SECA;0;1;COLISION CON DOS O MAS VEHICULOS;1;1;0;0
18/1/2024;10;AU FRONDIZI;ASCENDENTE;1800;BUENO;SECA;1;0;COLISION CON DOS O MAS VEHICULOS;1;1;0;0
19/1/2024;14;AV. CANTILO;ASCENDENTE;8200;BUENO;SECA;0;0;COLISION CON DOS O MAS VEHICULOS;0;4;0;0
19/1/2024;15;AU 25 DE MAYO;DESCENDENTE;800;BUENO;SECA;0;0;COLISION CON DOS O MAS VEHICULOS;0;2;0;0
19/1/2024;15;AU PERITO MORENO;ASCENDENTE;6000;BUENO;SECA;1;0;OBSTACULO NO FIJO;1;0;0;0
19/1/2024;20;AU FRONDIZI;DESCENDENTE;2500;BUENO;SECA;0;0;COLISION CON DOS O MAS VEHICULOS;0;3;0;0
20/1/2024;7;AU 25 DE MAYO;ASCENDENTE;300;BUENO;SECA;0;0;COLISION CON DOS O MAS VEHICULOS;0;2;0;0
20/1/2024;13;AU PERITO MORENO;DESCENDENTE;100;BUENO;SECA;1;0;COLISION CON DOS O MAS VEHICULOS;1;0;1;0
21/1/2024;6;AU 25 DE MAYO;DESCENDENTE;6900;BUENO;SECA;0;0;COLISION CON DOS O MAS VEHICULOS;0;2;0;0
22/1/2024;7;AU 25 DE MAYO;ASCENDENTE;6600;BUENO;SECA;0;0;SINIESTRO DE UN SOLO VEHICULO / SIN COLISION;1;0;0;0
23/1/2024;17;AU 25 DE MAYO;DESCENDENTE;1800;BUENO;SECA;1;0;COLISION CON DOS O MAS VEHICULOS;1;1;0;0
23/1/2024;19;AU PERITO MORENO;DESCENDENTE;5300;BUENO;SECA;0;0;COLISION CON DOS O MAS VEHICULOS;0;2;0;0
24/1/2024;8;AU DELLEPIANE;ASCENDENTE;2000;BUENO;SECA;0;0;OBSTACULO NO FIJO;0;2;0;0
25/1/2024;9;AU 25 DE MAYO;DESCENDENTE;9100;BUENO;SECA;1;0;COLISION CON DOS O MAS VEHICULOS;1;1;0;0
25/1/2024;9;AU 25 DE MAYO;ASCENDENTE;6800;BUENO;SECA;0;0;COLISION CON DOS O MAS VEHICULOS;0;2;0;0
25/1/2024;11;AU 25 DE MAYO;ASCENDENTE;4500;BUENO;SECA;1;0;COLISION CON DOS O MAS VEHICULOS;1;0;0;1
25/1/2024;16;PASEO DEL BAJO;DIST. NORTE - RAMAL 4;-;BUENO;SECA;1;0;COLISION CON OBSTACULO FIJO;0;0;0;1
26/1/2024;12;AU 25 DE MAYO;DESCENDENTE;7400;BUENO;SECA;0;0;OBSTACULO NO FIJO;0;1;0;1
27/1/2024;23;AU FRONDIZI;DESCENDENTE;1500;BUENO;SECA;1;0;COLISION CON DOS O MAS VEHICULOS;0;2;0;0
28/1/2024;8;AU 25 DE MAYO;ASCENDENTE;8100;BUENO;SECA;0;0;COLISION CON OBSTACULO FIJO;0;1;0;0
29/1/2024;8;AU DELLEPIANE;ASCENDENTE;1200;BUENO;SECA;1;0;COLISION CON DOS O MAS VEHICULOS;1;1;0;0
30/1/2024;7;AU DELLEPIANE;ASCENDENTE;0;BUENO;SECA;0;0;COLISION CON DOS O MAS VEHICULOS;1;1;0;0
30/1/2024;13;AU 25 DE MAYO;ASCENDENTE;6500;BUENO;SECA;0;0;OBSTACULO NO FIJO;1;1;0;0
30/1/2024;14;AV. CANTILO;ASCENDENTE;9200;BUENO;SECA;1;0;COLISION CON DOS O MAS VEHICULOS;1;1;0;0
31/1/2024;18;AV. CANTILO;ASCENDENTE;10000;BUENO;SECA;1;0;COLISION CON DOS O MAS VEHICULOS;1;1;0;0
1/2/2024;1;AU DELLEPIANE;DESCENDENTE;4000;BUENO;SECA;1;0;COLISION CON DOS O MAS VEHICULOS;1;0;0;1
1/2/2024;8;AU PERITO MORENO;ASCENDENTE;6100;BUENO;SECA;0;0;COLISION CON OBSTACULO FIJO;0;1;0;0
1/2/2024;9;AU FRONDIZI;ASCENDENTE;2500;BUENO;SECA;0;0;COLISION CON DOS O MAS VEHICULOS;1;1;0;0
1/2/2024;9;AU 25 DE MAYO;ASCENDENTE;2700;BUENO;SECA;0;0;COLISION CON DOS O MAS VEHICULOS;0;2;0;0
1/2/2024;9;AU PERITO MORENO;ASCENDENTE;5300;BUENO;SECA;0;0;COLISION CON DOS O MAS VEHICULOS;0;1;0;2
1/2/2024;12;PASEO DEL BAJO;DESCENDENTE;1100;BUENO;SECA;0;0;COLISION CON DOS O MAS VEHICULOS;0;0;0;3
1/2/2024;15;AU PERITO MORENO;ASCENDENTE;2300;BUENO;SECA;1;0;OBSTACULO NO FIJO;1;1;0;0
1/2/2024;18;AU 25 DE MAYO;DESCENDENTE;6000;BUENO;SECA;0;0;COLISION CON DOS O MAS VEHICULOS;0;2;0;0
1/2/2024;18;AU 25 DE MAYO;DESCENDENTE;1200;BUENO;SECA;0;0;OBSTACULO NO FIJO;2;0;0;0
1/2/2024;19;AU 25 DE MAYO;DESCENDENTE;1200;BUENO;SECA;0;0;COLISION CON DOS O MAS VEHICULOS;0;1;0;1
2/2/2024;5;DIST. 9 DE JULIO;RAMAL 3;-;BUENO;SECA;1;0;SINIESTRO DE UN SOLO VEHICULO / SIN COLISION;1;0;0;0
2/2/2024;11;AU 25 DE MAYO;DESCENDENTE;7500;BUENO;SECA;0;0;COLISION CON DOS O MAS VEHICULOS;0;1;1;1
2/2/2024;12;AU PERITO MORENO;DESCENDENTE;1100;BUENO;SECA;1;0;SINIESTRO DE UN SOLO VEHICULO / SIN COLISION;2;0;0;0
2/2/2024;13;AU PERITO MORENO;DESCENDENTE;3000;BUENO;SECA;0;0;COLISION CON DOS O MAS VEHICULOS;0;3;0;1
2/2/2024;14;AU 25 DE MAYO;DESCENDENTE;4000;BUENO;SECA;6;0;COLISION CON DOS O MAS VEHICULOS;0;4;0;0
2/2/2024;15;AU PERITO MORENO;DESCENDENTE;2900;BUENO;SECA;0;0;COLISION CON DOS O MAS VEHICULOS;1;1;0;0
2/2/2024;19;AV. CANTILO;ASCENDENTE;9200;BUENO;SECA;1;0;COLISION CON DOS O MAS VEHICULOS;1;1;0;0
2/2/2024;21;AU 25 DE MAYO;DESCENDENTE;2700;BUENO;SECA;0;0;COLISION CON DOS O MAS VEHICULOS;0;3;0;0
2/2/2024;22;TRANSICION RAMAL 3;RAMAL DE ENLACE;-;BUENO;SECA;0;0;OBSTACULO NO FIJO;0;2;0;0
3/2/2024;23;AU 25 DE MAYO;DESCENDENTE;7100;BUENO;SECA;0;0;COLISION CON OBSTACULO FIJO;0;1;0;0
4/2/2024;3;AU 25 DE MAYO;ASCENDENTE;3200;BUENO;SECA;0;0;COLISION CON OBSTACULO FIJO;0;1;0;0
4/2/2024;22;AU DELLEPIANE;DESCENDENTE;3500;BUENO;SECA;1;0;COLISION CON DOS O MAS VEHICULOS;0;2;0;0
4/2/2024;22;AV. CANTILO;ASCENDENTE;10400;BUENO;SECA;0;0;COLISION CON DOS O MAS VEHICULOS;1;2;0;0
5/2/2024;8;AU PERITO MORENO;ASCENDENTE;400;BUENO;SECA;1;0;COLISION CON DOS O MAS VEHICULOS;1;0;0;0
6/2/2024;7;AU 25 DE MAYO;ASCENDENTE;2200;BUENO;SECA;2;0;COLISION CON OBSTACULO FIJO;0;1;0;0
7/2/2024;8;AU 25 DE MAYO;ASCENDENTE;9000;BUENO;SECA;1;0;COLISION CON DOS O MAS VEHICULOS;1;1;0;0
7/2/2024;13;AV. CANTILO;ASCENDENTE;8600;BUENO;SECA;0;0;COLISION CON DOS O MAS VEHICULOS;1;1;0;0
7/2/2024;17;AU 25 DE MAYO;ASCENDENTE;7700;BUENO;SECA;0;0;COLISION CON DOS O MAS VEHICULOS;0;1;0;1
7/2/2024;18;AU PERITO MORENO;DESCENDENTE;5000;BUENO;SECA;0;0;SINIESTRO DE UN SOLO VEHICULO / SIN COLISION;1;0;0;0
9/2/2024;5;AV. CANTILO;ASCENDENTE;9800;BUENO;SECA;0;0;COLISION CON OBSTACULO FIJO;0;1;0;0
9/2/2024;15;AU 25 DE MAYO;ASCENDENTE;8500;BUENO;SECA;3;0;COLISION CON DOS O MAS VEHICULOS;0;1;0;2
9/2/2024;22;AV. CANTILO;ASCENDENTE;8600;LLUVIOSO;MOJADA/HUMEDA;0;0;COLISION CON DOS O MAS VEHICULOS;0;1;0;1
10/2/2024;5;AU DELLEPIANE;DESCENDENTE;2000;LLUVIOSO;MOJADA/HUMEDA;0;0;COLISION CON OBSTACULO FIJO;0;1;0;0
10/2/2024;12;AU CAMPORA;ASCENDENTE;2000;BUENO;SECA;0;0;OBSTACULO NO FIJO;0;1;0;0
10/2/2024;16;AV. LUGONES;DESCENDENTE;10200;BUENO;MOJADA/HUMEDA;0;0;COLISION CON DOS O MAS VEHICULOS;0;1;0;0
10/2/2024;22;AU 25 DE MAYO;DESCENDENTE;100;BUENO;SECA;1;0;SINIESTRO DE UN SOLO VEHICULO / SIN COLISION;1;0;0;0
11/2/2024;5;AU DELLEPIANE;ASCENDENTE;600;BUENO;SECA;0;0;COLISION CON DOS O MAS VEHICULOS;0;2;0;0
11/2/2024;7;AU PERITO MORENO;ASCENDENTE;5400;BUENO;SECA;0;0;COLISION CON DOS O MAS VEHICULOS;0;2;0;0
14/2/2024;10;AU ILLIA;ASCENDENTE;6000;BUENO;SECA;0;0;OBSTACULO NO FIJO;0;1;0;0
14/2/2024;12;AU 25 DE MAYO;ASCENDENTE;1500;BUENO;SECA;0;0;OBSTACULO NO FIJO;0;1;0;1
14/2/2024;15;AU FRONDIZI;DESCENDENTE;400;BUENO;SECA;0;0;COLISION CON DOS O MAS VEHICULOS;0;1;0;0
14/2/2024;19;AU 25 DE MAYO;DESCENDENTE;4800;BUENO;SECA;0;0;COLISION CON DOS O MAS VEHICULOS;0;4;0;0
14/2/2024;19;AV. CANTILO;ASCENDENTE;8900;BUENO;SECA;1;0;COLISION CON DOS O MAS VEHICULOS;2;1;0;0
15/2/2024;8;AU 25 DE MAYO;ASCENDENTE;900;BUENO;SECA;1;0;COLISION CON DOS O MAS VEHICULOS;1;1;0;0
15/2/2024;13;AV. LUGONES;DESCENDENTE;4000;BUENO;SECA;0;0;COLISION CON DOS O MAS VEHICULOS;0;1;0;0
15/2/2024;13;AU DELLEPIANE;ASCENDENTE;500;BUENO;SECA;0;0;COLISION CON DOS O MAS VEHICULOS;0;4;0;0
15/2/2024;19;AV. CANTILO;ASCENDENTE;8900;BUENO;SECA;0;0;COLISION CON DOS O MAS VEHICULOS;0;2;0;0
16/2/2024;2;AU PERITO MORENO;DESCENDENTE;3300;BUENO;SECA;0;0;COLISION CON OBSTACULO FIJO;0;1;0;0
16/2/2024;13;AU PERITO MORENO;DESCENDENTE;1900;BUENO;SECA;0;1;OBSTACULO NO FIJO;1;0;0;1
16/2/2024;15;AU PERITO MORENO;DESCENDENTE;1900;BUENO;SECA;0;0;COLISION CON DOS O MAS VEHICULOS;1;1;0;0
17/2/2024;8;AU 25 DE MAYO;DESCENDENTE;0;BUENO;SECA;1;0;COLISION CON OBSTACULO FIJO;0;1;0;0
17/2/2024;11;AU 25 DE MAYO;ASCENDENTE;8100;BUENO;SECA;0;0;COLISION CON OBSTACULO FIJO;0;1;0;0
17/2/2024;20;AU 25 DE MAYO;ASCENDENTE;7000;BUENO;SECA;1;0;COLISION CON DOS O MAS VEHICULOS;1;0;0;0
18/2/2024;7;AU 25 DE MAYO;DESCENDENTE;3300;BUENO;SECA;0;0;COLISION CON DOS O MAS VEHICULOS;0;2;0;0
18/2/2024;13;AU 25 DE MAYO;ASCENDENTE;4700;BUENO;SECA;1;0;OBSTACULO NO FIJO;0;2;0;0
19/2/2024;6;AU FRONDIZI;DESCENDENTE;2000;BUENO;SECA;0;0;COLISION CON DOS O MAS VEHICULOS;1;0;0;0
19/2/2024;15;TRANSICION RAMAL 3;RAMAL DE ENLACE;-;BUENO;SECA;0;0;COLISION CON OBSTACULO FIJO;0;1;0;0
19/2/2024;17;AU 25 DE MAYO;ASCENDENTE;8200;BUENO;SECA;1;0;COLISION CON DOS O MAS VEHICULOS;1;1;0;0
20/2/2024;10;AU 25 DE MAYO;ASCENDENTE;6500;BUENO;SECA;0;0;COLISION CON OBSTACULO FIJO;0;0;0;1
20/2/2024;16;AU 25 DE MAYO;DESCENDENTE;900;BUENO;SECA;0;0;COLISION CON DOS O MAS VEHICULOS;0;1;0;0
21/2/2024;7;AU 25 DE MAYO;ASCENDENTE;9100;BUENO;SECA;0;0;COLISION CON DOS O MAS VEHICULOS;0;4;0;0
21/2/2024;8;AU PERITO MORENO;ASCENDENTE;5600;BUENO;SECA;2;0;COLISION CON DOS O MAS VEHICULOS;2;1;0;0
21/2/2024;13;AU DELLEPIANE;DESCENDENTE;2100;BUENO;SECA;0;0;COLISION CON DOS O MAS VEHICULOS;0;2;0;0
21/2/2024;13;TRANSICION RAMAL 2;RAMAL DE ENLACE;-;BUENO;SECA;0;0;COLISION CON DOS O MAS VEHICULOS;0;1;1;0
21/2/2024;14;DIST. 9 DE JULIO;RAMAL 3;-;BUENO;SECA;1;0;COLISION CON DOS O MAS VEHICULOS;0;1;0;0
21/2/2024;17;DIST. 9 DE JULIO;RAMAL 2;-;BUENO;SECA;0;0;OBSTACULO NO FIJO;0;1;0;0
21/2/2024;19;AU 25 DE MAYO;DESCENDENTE;6200;BUENO;SECA;0;0;OBSTACULO NO FIJO;0;4;0;0
21/2/2024;19;AU 25 DE MAYO;DESCENDENTE;6100;BUENO;SECA;0;0;OBSTACULO NO FIJO;0;1;0;0
22/2/2024;10;AV. LUGONES;DESCENDENTE;5900;BUENO;SECA;1;0;COLISION CON DOS O MAS VEHICULOS;1;0;0;2
22/2/2024;17;DIST. UDAONDO;-;-;BUENO;SECA;0;0;COLISION CON DOS O MAS VEHICULOS;0;5;0;0
22/2/2024;20;AU PERITO MORENO;ASCENDENTE;5400;BUENO;SECA;0;0;COLISION CON DOS O MAS VEHICULOS;0;2;0;0
23/2/2024;9;AU FRONDIZI;DESCENDENTE;2100;BUENO;SECA;0;0;COLISION CON DOS O MAS VEHICULOS;0;3;0;0
24/2/2024;12;AU 25 DE MAYO;DESCENDENTE;3800;BUENO;SECA;0;0;SINIESTRO DE UN SOLO VEHICULO / SIN COLISION;1;0;0;0
25/2/2024;1;DIST. 9 DE JULIO;RAMAL 3;-;BUENO;SECA;1;0;COLISION CON OBSTACULO FIJO;1;0;0;0
25/2/2024;8;AU DELLEPIANE;ASCENDENTE;1000;BUENO;SECA;1;0;COLISION CON DOS O MAS VEHICULOS;1;1;0;0
25/2/2024;18;AU 25 DE MAYO;DESCENDENTE;100;BUENO;SECA;1;0;COLISION CON DOS O MAS VEHICULOS;1;1;0;0
26/2/2024;4;AU 25 DE MAYO;DESCENDENTE;8700;LLUVIOSO;MOJADA/HUMEDA;0;0;COLISION CON DOS O MAS VEHICULOS;0;1;0;1
27/2/2024;16;AU 25 DE MAYO;DESCENDENTE;6100;BUENO;SECA;1;0;COLISION CON DOS O MAS VEHICULOS;0;4;0;0
28/2/2024;8;AU 25 DE MAYO;ASCENDENTE;9000;BUENO;SECA;0;0;COLISION CON DOS O MAS VEHICULOS;0;1;0;1
28/2/2024;9;AU 25 DE MAYO;ASCENDENTE;700;BUENO;SECA;1;0;COLISION CON DOS O MAS VEHICULOS;1;1;0;0
29/2/2024;6;AU DELLEPIANE;ASCENDENTE;4000;BUENO;SECA;1;0;COLISION CON OBSTACULO FIJO;1;0;0;0
1/3/2024;14;AU PERITO MORENO;ASCENDENTE;800;BUENO;SECA;1;0;COLISION CON OBSTACULO FIJO;0;2;0;0
1/3/2024;14;AV. CANTILO;ASCENDENTE;9300;BUENO;SECA;3;0;COLISION CON DOS O MAS VEHICULOS;0;2;0;0
2/3/2024;7;AU 25 DE MAYO;DESCENDENTE;3800;BUENO;SECA;0;0;COLISION CON DOS O MAS VEHICULOS;0;1;0;1
2/3/2024;7;AU FRONDIZI;DESCENDENTE;2000;BUENO;SECA;0;0;COLISION CON OBSTACULO FIJO;0;1;0;0
2/3/2024;22;AU FRONDIZI;DESCENDENTE;2800;BUENO;SECA;1;0;COLISION CON DOS O MAS VEHICULOS;0;3;0;0
5/3/2024;1;AU CAMPORA;DESCENDENTE;3100;BUENO;SECA;1;0;COLISION CON OBSTACULO FIJO;0;1;0;0
5/3/2024;4;DIST. DELLEPIANE;RAMAL 7;-;BUENO;SECA;1;0;SINIESTRO DE UN SOLO VEHICULO / SIN COLISION;1;0;0;0
5/3/2024;8;AU FRONDIZI;ASCENDENTE;600;BUENO;SECA;0;0;COLISION CON DOS O MAS VEHICULOS;0;2;0;0
5/3/2024;15;AU FRONDIZI;DESCENDENTE;100;BUENO;SECA;1;0;SINIESTRO DE UN SOLO VEHICULO / SIN COLISION;1;0;0;0
5/3/2024;15;AU FRONDIZI;DESCENDENTE;1600;BUENO;SECA;0;0;COLISION CON DOS O MAS VEHICULOS;0;1;0;0
6/3/2024;9;AU DELLEPIANE;ASCENDENTE;4400;BUENO;SECA;0;0;COLISION CON DOS O MAS VEHICULOS;0;1;0;1
6/3/2024;9;AU 25 DE MAYO;ASCENDENTE;1900;BUENO;SECA;0;0;SINIESTRO DE UN SOLO VEHICULO / SIN COLISION;1;1;0;0
6/3/2024;12;AV. CANTILO;ASCENDENTE;8800;BUENO;SECA;1;0;COLISION CON DOS O MAS VEHICULOS;1;1;0;0
6/3/2024;13;AU DELLEPIANE;ASCENDENTE;1000;BUENO;SECA;0;0;COLISION CON DOS O MAS VEHICULOS;0;2;0;0
6/3/2024;16;AU DELLEPIANE;DESCENDENTE;2700;BUENO;SECA;0;0;COLISION CON DOS O MAS VEHICULOS;0;1;0;0
7/3/2024;8;AV. CANTILO;ASCENDENTE;8000;BUENO;SECA;0;0;COLISION CON DOS O MAS VEHICULOS;0;3;0;0
7/3/2024;15;AU PERITO MORENO;ASCENDENTE;3800;BUENO;SECA;2;0;COLISION CON DOS O MAS VEHICULOS;0;4;0;0
7/3/2024;16;AU 25 DE MAYO;DESCENDENTE;3300;BUENO;SECA;0;0;COLISION CON DOS O MAS VEHICULOS;0;2;0;0
7/3/2024;17;AU PERITO MORENO;ASCENDENTE;6000;BUENO;SECA;1;0;COLISION CON DOS O MAS VEHICULOS;1;0;0;0
8/3/2024;11;AU 25 DE MAYO;ASCENDENTE;8100;BUENO;SECA;1;0;COLISION CON DOS O MAS VEHICULOS;1;1;0;0
8/3/2024;12;PASEO DEL BAJO;ASCENDENTE;3400;BUENO;SECA;0;0;COLISION CON DOS O MAS VEHICULOS;0;0;1;1
10/3/2024;4;AU DELLEPIANE;DESCENDENTE;1700;BUENO;SECA;0;0;SINIESTRO DE UN SOLO VEHICULO / SIN COLISION;1;0;0;0
11/3/2024;9;AV. CANTILO;ASCENDENTE;7600;BUENO;MOJADA/HUMEDA;0;0;COLISION CON OBSTACULO FIJO;0;1;0;0
12/3/2024;10;AU 25 DE MAYO;ASCENDENTE;2500;LLUVIOSO;MOJADA/HUMEDA;0;0;COLISION CON DOS O MAS VEHICULOS;0;1;0;0
13/3/2024;12;AU 25 DE MAYO;ASCENDENTE;9100;LLUVIOSO;MOJADA/HUMEDA;0;0;COLISION CON DOS O MAS VEHICULOS;0;2;0;0
13/3/2024;17;AU 25 DE MAYO;DESCENDENTE;2700;LLUVIOSO;MOJADA/HUMEDA;0;0;COLISION CON DOS O MAS VEHICULOS;0;2;0;0
14/3/2024;5;AU PERITO MORENO;ASCENDENTE;5400;LLUVIOSO;MOJADA/HUMEDA;1;0;COLISION CON OBSTACULO FIJO;1;0;0;0
14/3/2024;8;AU PERITO MORENO;ASCENDENTE;5300;BUENO;MOJADA/HUMEDA;0;0;COLISION CON DOS O MAS VEHICULOS;0;2;0;0
15/3/2024;16;AU DELLEPIANE;ASCENDENTE;3800;BUENO;SECA;0;0;COLISION CON DOS O MAS VEHICULOS;0;1;0;1
15/3/2024;18;AU PERITO MORENO;ASCENDENTE;5400;BUENO;SECA;0;0;COLISION CON OBSTACULO FIJO;0;0;0;1
16/3/2024;9;AU FRONDIZI;DESCENDENTE;0;BUENO;SECA;0;0;SINIESTRO DE UN SOLO VEHICULO / SIN COLISION;1;0;0;0
16/3/2024;12;AU PERITO MORENO;DESCENDENTE;5900;BUENO;SECA;0;0;COLISION CON DOS O MAS VEHICULOS;0;1;0;1
17/3/2024;11;AU 25 DE MAYO;ASCENDENTE;9100;BUENO;SECA;0;0;COLISION CON DOS O MAS VEHICULOS;0;3;0;0
18/3/2024;12;AU 25 DE MAYO;ASCENDENTE;0;BUENO;SECA;0;0;COLISION CON DOS O MAS VEHICULOS;0;1;0;1
18/3/2024;13;AV. LUGONES;DESCENDENTE;7200;BUENO;SECA;0;0;COLISION CON OBSTACULO FIJO;0;0;0;1
18/3/2024;15;AU DELLEPIANE;DESCENDENTE;4500;BUENO;SECA;0;0;COLISION CON OBSTACULO FIJO;0;1;0;0
19/3/2024;16;AU 25 DE MAYO;DESCENDENTE;1600;BUENO;SECA;1;0;COLISION CON DOS O MAS VEHICULOS;2;0;0;0
19/3/2024;15;AU 25 DE MAYO;ASCENDENTE;7500;BUENO;SECA;0;0;OBSTACULO NO FIJO;0;3;0;0
19/3/2024;21;AU ILLIA;ASCENDENTE;4000;LLUVIOSO;MOJADA/HUMEDA;1;0;COLISION CON DOS O MAS VEHICULOS;0;1;0;1
20/3/2024;11;AV. LUGONES;DESCENDENTE;8800;LLUVIOSO;MOJADA/HUMEDA;0;0;COLISION CON DOS O MAS VEHICULOS;0;1;0;0
20/3/2024;17;AU PERITO MORENO;DESCENDENTE;3600;LLUVIOSO;MOJADA/HUMEDA;0;0;SINIESTRO DE UN SOLO VEHICULO / SIN COLISION;1;0;0;1
21/3/2024;0;AV. CANTILO;ASCENDENTE;9000;BUENO;SECA;0;0;COLISION CON OBSTACULO FIJO;0;1;0;0
21/3/2024;9;AU DELLEPIANE;ASCENDENTE;2500;BUENO;SECA;1;0;COLISION CON DOS O MAS VEHICULOS;1;1;0;0
22/3/2024;9;AV. LUGONES;DESCENDENTE;4500;BUENO;SECA;1;0;COLISION CON DOS O MAS VEHICULOS;1;0;0;0
22/3/2024;9;AU 25 DE MAYO;ASCENDENTE;9100;BUENO;SECA;1;0;COLISION CON DOS O MAS VEHICULOS;0;4;0;0
22/3/2024;12;AV. LUGONES;DESCENDENTE;8200;BUENO;SECA;0;0;OTRO;0;2;0;0
22/3/2024;14;AU 25 DE MAYO;DESCENDENTE;1100;BUENO;SECA;0;0;COLISION CON DOS O MAS VEHICULOS;0;1;0;0
22/3/2024;15;AV. CANTILO;ASCENDENTE;8500;BUENO;SECA;0;0;COLISION CON DOS O MAS VEHICULOS;0;1;0;1
22/3/2024;17;AU FRONDIZI;ASCENDENTE;1700;BUENO;SECA;2;0;COLISION CON DOS O MAS VEHICULOS;1;1;0;0
23/3/2024;5;AU ILLIA;DESCENDENTE;3900;BUENO;SECA;1;0;OBSTACULO NO FIJO;1;1;0;0
23/3/2024;12;AU DELLEPIANE;DESCENDENTE;1900;BUENO;SECA;0;0;COLISION CON DOS O MAS VEHICULOS;0;1;0;1
25/3/2024;8;AU DELLEPIANE;DESCENDENTE;200;BUENO;SECA;5;0;COLISION CON DOS O MAS VEHICULOS;0;2;0;1
25/3/2024;18;AU ILLIA;ASCENDENTE;2400;BUENO;SECA;0;0;COLISION CON DOS O MAS VEHICULOS;0;2;0;0
27/3/2024;7;AU 25 DE MAYO;DESCENDENTE;0;BUENO;SECA;1;0;COLISION CON DOS O MAS VEHICULOS;1;1;0;0
27/3/2024;12;AU DELLEPIANE;ASCENDENTE;500;BUENO;SECA;0;0;COLISION CON DOS O MAS VEHICULOS;0;2;0;0
27/3/2024;17;AU 25 DE MAYO;ASCENDENTE;1100;BUENO;SECA;0;0;COLISION CON OBSTACULO FIJO;0;1;0;0
27/3/2024;19;AU PERITO MORENO;DESCENDENTE;2300;BUENO;SECA;0;0;COLISION CON DOS O MAS VEHICULOS;0;2;0;0
31/3/2024;6;AU 25 DE MAYO;DESCENDENTE;6500;BUENO;SECA;0;0;COLISION CON OBSTACULO FIJO;0;1;0;0
31/3/2024;12;AU PERITO MORENO;ASCENDENTE;6100;BUENO;SECA;1;0;COLISION CON DOS O MAS VEHICULOS;0;1;0;0
3/4/2024;19;TRANSICION RAMAL 3;RAMAL DE ENLACE;-;BUENO;SECA;0;0;COLISION CON DOS O MAS VEHICULOS;0;4;0;0
4/4/2024;7;AU 25 DE MAYO;ASCENDENTE;700;BUENO;SECA;2;0;SINIESTRO DE UN SOLO VEHICULO / SIN COLISION;1;0;0;1
5/4/2024;6;AU 25 DE MAYO;ASCENDENTE;0;BUENO;SECA;1;0;COLISION CON DOS O MAS VEHICULOS;0;3;0;0
5/4/2024;12;PASEO DEL BAJO;DIST. SUR - RAMAL 2;-;BUENO;SECA;0;0;COLISION CON DOS O MAS VEHICULOS;0;1;0;0
5/4/2024;16;AU PERITO MORENO;DESCENDENTE;6000;BUENO;SECA;1;0;COLISION CON DOS O MAS VEHICULOS;1;2;0;0
5/4/2024;21;AV. CANTILO;ASCENDENTE;9000;BUENO;SECA;1;0;COLISION CON DOS O MAS VEHICULOS;0;3;0;0
8/4/2024;6;AU ILLIA;DESCENDENTE;500;BUENO;SECA;2;0;COLISION CON OBSTACULO FIJO;1;0;0;0
8/4/2024;9;PASEO DEL BAJO;ASCENDENTE;4500;BUENO;SECA;0;0;COLISION CON DOS O MAS VEHICULOS;0;0;0;2
8/4/2024;11;AU 25 DE MAYO;ASCENDENTE;8000;BUENO;SECA;1;0;COLISION CON DOS O MAS VEHICULOS;0;2;0;0
8/4/2024;16;AV. LUGONES;DESCENDENTE;6000;BUENO;SECA;1;0;COLISION CON DOS O MAS VEHICULOS;1;1;0;0
8/4/2024;20;AU FRONDIZI;DESCENDENTE;0;BUENO;SECA;1;0;COLISION CON DOS O MAS VEHICULOS;1;1;0;0
9/4/2024;9;AU 25 DE MAYO;ASCENDENTE;9000;BUENO;SECA;0;0;COLISION CON DOS O MAS VEHICULOS;0;3;0;0
9/4/2024;10;AU 25 DE MAYO;ASCENDENTE;500;BUENO;SECA;0;0;COLISION CON DOS O MAS VEHICULOS;0;1;0;1
10/4/2024;7;AU FRONDIZI;ASCENDENTE;2300;BUENO;SECA;1;0;COLISION CON DOS O MAS VEHICULOS;1;1;0;0
10/4/2024;12;AU 25 DE MAYO;ASCENDENTE;1300;BUENO;SECA;1;0;COLISION CON DOS O MAS VEHICULOS;1;1;0;0
10/4/2024;17;AV. LUGONES;DESCENDENTE;4500;BUENO;SECA;0;0;SINIESTRO DE UN SOLO VEHICULO / SIN COLISION;1;0;0;0
10/4/2024;17;AU DELLEPIANE;DESCENDENTE;3400;BUENO;SECA;1;0;OBSTACULO NO FIJO;1;0;0;0
11/4/2024;9;AU DELLEPIANE;ASCENDENTE;400;BUENO;SECA;0;0;COLISION CON DOS O MAS VEHICULOS;0;1;0;1
11/4/2024;10;AV. LUGONES;DESCENDENTE;8700;BUENO;SECA;0;0;COLISION CON DOS O MAS VEHICULOS;0;1;0;0
11/4/2024;20;AV. LUGONES;DESCENDENTE;4500;BUENO;SECA;0;0;COLISION CON OBSTACULO FIJO;0;1;0;0
12/4/2024;18;AU 25 DE MAYO;DESCENDENTE;5100;LLUVIOSO;MOJADA/HUMEDA;1;0;SINIESTRO DE UN SOLO VEHICULO / SIN COLISION;1;1;0;0
13/4/2024;1;AV. LUGONES;DESCENDENTE;8900;LLUVIOSO;MOJADA/HUMEDA;0;0;COLISION CON OBSTACULO FIJO;0;1;0;0
13/4/2024;4;AU 25 DE MAYO;DESCENDENTE;1500;LLUVIOSO;MOJADA/HUMEDA;0;0;COLISION CON DOS O MAS VEHICULOS;0;2;1;0
14/4/2024;3;AU FRONDIZI;DESCENDENTE;2800;LLUVIOSO;MOJADA/HUMEDA;1;0;COLISION CON DOS O MAS VEHICULOS;0;2;0;0
15/4/2024;11;PASEO DEL BAJO;DESCENDENTE;900;LLUVIOSO;MOJADA/HUMEDA;4;0;COLISION CON DOS O MAS VEHICULOS;0;0;1;2
15/4/2024;12;PASEO DEL BAJO;DESCENDENTE;2800;LLUVIOSO;MOJADA/HUMEDA;0;0;COLISION CON DOS O MAS VEHICULOS;0;0;0;2
16/4/2024;7;AU 25 DE MAYO;DESCENDENTE;8000;BUENO;MOJADA/HUMEDA;1;0;COLISION CON DOS O MAS VEHICULOS;1;1;0;0
16/4/2024;9;AV. LUGONES;DESCENDENTE;10400;BUENO;SECA;0;0;COLISION CON DOS O MAS VEHICULOS;0;2;0;0
16/4/2024;17;AU 25 DE MAYO;DESCENDENTE;100;BUENO;MOJADA/HUMEDA;0;0;COLISION CON DOS O MAS VEHICULOS;1;0;0;0
17/4/2024;11;AU CAMPORA;DESCENDENTE;1100;BUENO;SECA;1;0;SINIESTRO DE UN SOLO VEHICULO / SIN COLISION;1;0;1;0
17/4/2024;16;AU 25 DE MAYO;DESCENDENTE;1500;BUENO;SECA;1;0;COLISION CON DOS O MAS VEHICULOS;1;1;0;0
18/4/2024;7;AU 25 DE MAYO;ASCENDENTE;6800;BUENO;SECA;5;0;COLISION CON DOS O MAS VEHICULOS;0;2;1;0
19/4/2024;12;AU FRONDIZI;ASCENDENTE;400;BUENO;SECA;0;0;SINIESTRO DE UN SOLO VEHICULO / SIN COLISION;1;0;0;0
20/4/2024;10;AU DELLEPIANE;DESCENDENTE;2500;BUENO;SECA;0;0;COLISION CON DOS O MAS VEHICULOS;0;2;0;0
20/4/2024;12;AU DELLEPIANE;DESCENDENTE;3500;BUENO;SECA;1;0;COLISION CON DOS O MAS VEHICULOS;1;1;0;0
20/4/2024;14;AV. LUGONES;DESCENDENTE;6500;BUENO;SECA;0;0;SINIESTRO DE UN SOLO VEHICULO / SIN COLISION;1;0;0;0
20/4/2024;18;AV. LUGONES;DESCENDENTE;5200;BUENO;SECA;0;0;COLISION CON DOS O MAS VEHICULOS;0;3;0;0
21/4/2024;2;AU PERITO MORENO;ASCENDENTE;5600;BUENO;SECA;0;0;COLISION CON OBSTACULO FIJO;0;1;0;0
21/4/2024;17;AU DELLEPIANE;DESCENDENTE;3000;BUENO;SECA;0;0;COLISION CON DOS O MAS VEHICULOS;0;1;0;0
22/4/2024;3;AU FRONDIZI;DESCENDENTE;2100;LLUVIOSO;MOJADA/HUMEDA;0;0;COLISION CON OBSTACULO FIJO;0;1;0;0
22/4/2024;7;AU 25 DE MAYO;ASCENDENTE;100;LLUVIOSO;MOJADA/HUMEDA;0;0;COLISION CON DOS O MAS VEHICULOS;0;2;0;0
22/4/2024;11;PASEO DEL BAJO;DESCENDENTE;1300;LLUVIOSO;MOJADA/HUMEDA;3;0;COLISION CON DOS O MAS VEHICULOS;0;0;0;2
22/4/2024;14;AU 25 DE MAYO;ASCENDENTE;6000;BUENO;MOJADA/HUMEDA;0;0;COLISION CON DOS O MAS VEHICULOS;1;1;0;0
23/4/2024;9;AU 25 DE MAYO;ASCENDENTE;2900;BUENO;SECA;0;0;COLISION CON DOS O MAS VEHICULOS;0;1;0;0
23/4/2024;10;AU FRONDIZI;ASCENDENTE;1300;BUENO;SECA;1;0;SINIESTRO DE UN SOLO VEHICULO / SIN COLISION;1;0;0;0
23/4/2024;12;AU 25 DE MAYO;ASCENDENTE;5500;BUENO;SECA;0;0;COLISION CON DOS O MAS VEHICULOS;0;1;0;1
24/4/2024;10;AU 25 DE MAYO;ASCENDENTE;9100;BUENO;SECA;0;0;COLISION CON DOS O MAS VEHICULOS;0;3;0;0
24/4/2024;13;AU DELLEPIANE;ASCENDENTE;200;BUENO;SECA;0;0;COLISION CON DOS O MAS VEHICULOS;1;0;0;1
24/4/2024;17;AV. CANTILO;ASCENDENTE;10400;BUENO;SECA;0;0;COLISION CON DOS O MAS VEHICULOS;1;0;0;0
24/4/2024;19;AU DELLEPIANE;DESCENDENTE;2900;BUENO;SECA;0;0;COLISION CON DOS O MAS VEHICULOS;0;2;0;0
25/4/2024;6;AU DELLEPIANE;ASCENDENTE;4300;LLUVIOSO;SECA;1;0;SINIESTRO DE UN SOLO VEHICULO / SIN COLISION;1;0;0;0
25/4/2024;7;AU DELLEPIANE;ASCENDENTE;2600;LLUVIOSO;SECA;1;0;COLISION CON DOS O MAS VEHICULOS;1;1;0;0
25/4/2024;11;AU ILLIA;ASCENDENTE;5000;LLUVIOSO;SECA;0;0;SINIESTRO DE UN SOLO VEHICULO / SIN COLISION;1;0;0;0
26/4/2024;10;AU PERITO MORENO;ASCENDENTE;1500;LLUVIOSO;SECA;0;0;OBSTACULO NO FIJO;0;1;0;1
26/4/2024;15;AU 25 DE MAYO;DESCENDENTE;5700;LLUVIOSO;SECA;0;0;COLISION CON DOS O MAS VEHICULOS;0;2;0;0
26/4/2024;17;AU CAMPORA;DESCENDENTE;3500;BUENO;SECA;0;0;COLISION CON OBSTACULO FIJO;0;0;0;1
27/4/2024;3;TRANSICION RAMAL 2;RAMAL DE ENLACE;-;BUENO;SECA;0;0;COLISION CON OBSTACULO FIJO;0;1;0;0
27/4/2024;5;AV. CANTILO;ASCENDENTE;8000;BUENO;SECA;0;0;SINIESTRO DE UN SOLO VEHICULO / SIN COLISION;0;1;0;0
27/4/2024;17;AV. CANTILO;ASCENDENTE;8600;BUENO;SECA;0;0;COLISION CON DOS O MAS VEHICULOS;0;1;0;0
27/4/2024;20;AU DELLEPIANE;ASCENDENTE;3000;BUENO;SECA;0;0;COLISION CON DOS O MAS VEHICULOS;0;3;0;0
28/4/2024;5;AU DELLEPIANE;DESCENDENTE;1200;BUENO;SECA;0;0;COLISION CON OBSTACULO FIJO;0;1;0;0
29/4/2024;18;AV. CANTILO;ASCENDENTE;7000;BUENO;SECA;1;0;SINIESTRO DE UN SOLO VEHICULO / SIN COLISION;1;0;0;0
30/4/2024;10;AV. CANTILO;ASCENDENTE;7800;LLUVIOSO;SECA;1;0;SINIESTRO DE UN SOLO VEHICULO / SIN COLISION;1;0;0;0
30/4/2024;14;AU FRONDIZI;DESCENDENTE;2700;BUENO;SECA;1;0;COLISION CON DOS O MAS VEHICULOS;1;2;0;0
30/4/2024;17;AU 25 DE MAYO;DESCENDENTE;6600;BUENO;SECA;0;0;COLISION CON DOS O MAS VEHICULOS;0;1;0;1
1/5/2024;1;AU 25 DE MAYO;ASCENDENTE;3600;BUENO;SECA;0;0;COLISION CON OBSTACULO FIJO;0;1;0;0
2/5/2024;8;AU 25 DE MAYO;ASCENDENTE;2500;BUENO;SECA;1;0;COLISION CON DOS O MAS VEHICULOS;2;0;0;0
2/5/2024;11;AV. LUGONES;DESCENDENTE;4300;BUENO;SECA;0;0;COLISION CON DOS O MAS VEHICULOS;0;2;0;0
2/5/2024;12;AV. LUGONES;DESCENDENTE;6000;BUENO;SECA;0;0;COLISION CON DOS O MAS VEHICULOS;1;1;0;0
2/5/2024;12;AV. LUGONES;DESCENDENTE;10400;BUENO;SECA;0;0;COLISION CON DOS O MAS VEHICULOS;1;0;0;1
2/5/2024;14;PASEO DEL BAJO;ASCENDENTE;1400;BUENO;SECA;0;0;SINIESTRO DE UN SOLO VEHICULO / SIN COLISION;1;0;0;1
2/5/2024;17;AU FRONDIZI;DESCENDENTE;500;BUENO;SECA;1;0;SINIESTRO DE UN SOLO VEHICULO / SIN COLISION;1;0;0;0
2/5/2024;17;AU DELLEPIANE;ASCENDENTE;600;BUENO;SECA;0;0;OTRO;0;0;0;1
2/5/2024;19;AU ILLIA;ASCENDENTE;3000;BUENO;SECA;1;0;COLISION CON DOS O MAS VEHICULOS;0;2;0;0
2/5/2024;19;AU 25 DE MAYO;DESCENDENTE;3300;BUENO;SECA;3;0;COLISION CON DOS O MAS VEHICULOS;0;2;0;0
2/5/2024;20;AU FRONDIZI;DESCENDENTE;3200;BUENO;SECA;3;0;COLISION CON DOS O MAS VEHICULOS;0;4;0;0
3/5/2024;7;AU FRONDIZI;DESCENDENTE;3200;BUENO;SECA;0;0;OBSTACULO NO FIJO;0;1;0;0
3/5/2024;14;DIST. 9 DE JULIO;RAMAL 4;-;BUENO;SECA;1;0;COLISION CON DOS O MAS VEHICULOS;0;1;0;1
3/5/2024;15;AV. CANTILO;ASCENDENTE;8000;BUENO;SECA;1;0;COLISION CON DOS O MAS VEHICULOS;1;1;0;0
3/5/2024;20;AU DELLEPIANE;DESCENDENTE;2100;BUENO;SECA;0;0;COLISION CON DOS O MAS VEHICULOS;0;2;0;0
4/5/2024;5;AU 25 DE MAYO;ASCENDENTE;5400;BUENO;SECA;0;0;COLISION CON DOS O MAS VEHICULOS;0;1;0;0
4/5/2024;14;AU PERITO MORENO;ASCENDENTE;3000;BUENO;SECA;0;0;COLISION CON DOS O MAS VEHICULOS;0;3;0;0
6/5/2024;7;AU 25 DE MAYO;ASCENDENTE;2000;LLUVIOSO;SECA;0;0;SINIESTRO DE UN SOLO VEHICULO / SIN COLISION;1;0;0;0
6/5/2024;8;AU ILLIA;ASCENDENTE;2200;BUENO;SECA;0;0;COLISION CON OBSTACULO FIJO;0;1;0;0
7/5/2024;13;AU PERITO MORENO;ASCENDENTE;300;BUENO;SECA;1;0;COLISION CON DOS O MAS VEHICULOS;0;1;0;1
6/5/2024;20;AU 25 DE MAYO;DESCENDENTE;5500;LLUVIOSO;SECA;1;0;OBSTACULO NO FIJO;1;0;0;0
7/5/2024;14;AU PERITO MORENO;DESCENDENTE;500;BUENO;SECA;1;0;COLISION CON DOS O MAS VEHICULOS;1;0;0;0
7/5/2024;15;AU DELLEPIANE;DESCENDENTE;4500;BUENO;SECA;0;0;COLISION CON OBSTACULO FIJO;1;0;0;0
8/5/2024;8;AU PERITO MORENO;ASCENDENTE;5500;BUENO;SECA;0;0;COLISION CON DOS O MAS VEHICULOS;0;0;0;2
8/5/2024;19;AU 25 DE MAYO;ASCENDENTE;1200;BUENO;SECA;1;0;COLISION CON DOS O MAS VEHICULOS;1;0;0;0
8/5/2024;20;AU DELLEPIANE;DESCENDENTE;2500;BUENO;SECA;0;0;SINIESTRO DE UN SOLO VEHICULO / SIN COLISION;1;0;0;0
9/5/2024;19;AU DELLEPIANE;DESCENDENTE;2500;BUENO;SECA;2;0;COLISION CON DOS O MAS VEHICULOS;2;1;0;0
10/5/2024;15;DIST. DELLEPIANE;RAMAL 11;-;BUENO;SECA;0;0;COLISION CON DOS O MAS VEHICULOS;0;2;0;0
10/5/2024;16;AU 25 DE MAYO;DESCENDENTE;6000;BUENO;SECA;0;0;COLISION CON DOS O MAS VEHICULOS;0;0;0;2
10/5/2024;20;AU PERITO MORENO;DESCENDENTE;3300;BUENO;SECA;0;0;SINIESTRO DE UN SOLO VEHICULO / SIN COLISION;0;1;0;0
11/5/2024;9;AU ILLIA;ASCENDENTE;5000;BUENO;SECA;0;0;COLISION CON DOS O MAS VEHICULOS;0;2;0;0
11/5/2024;10;AU 25 DE MAYO;DESCENDENTE;600;BUENO;SECA;0;0;COLISION CON DOS O MAS VEHICULOS;0;2;0;0
11/5/2024;12;AU PERITO MORENO;ASCENDENTE;900;BUENO;SECA;1;0;COLISION CON DOS O MAS VEHICULOS;0;2;0;0
11/5/2024;13;AU DELLEPIANE;DESCENDENTE;2000;BUENO;SECA;2;0;COLISION CON DOS O MAS VEHICULOS;1;1;0;0
11/5/2024;17;AU PERITO MORENO;DESCENDENTE;3800;BUENO;SECA;1;0;COLISION CON DOS O MAS VEHICULOS;1;1;0;0
12/5/2024;7;AU 25 DE MAYO;DESCENDENTE;1500;BUENO;SECA;0;0;COLISION CON DOS O MAS VEHICULOS;0;2;0;0
13/5/2024;10;AU 25 DE MAYO;ASCENDENTE;700;BUENO;SECA;0;0;COLISION CON DOS O MAS VEHICULOS;0;0;0;1
14/5/2024;8;AU PERITO MORENO;ASCENDENTE;4500;BUENO;SECA;0;0;COLISION CON DOS O MAS VEHICULOS;0;2;0;0
14/5/2024;15;AU 25 DE MAYO;DESCENDENTE;1000;BUENO;SECA;0;0;COLISION CON DOS O MAS VEHICULOS;1;1;0;0
15/5/2024;7;AU 25 DE MAYO;DESCENDENTE;0;BUENO;SECA;0;0;COLISION CON OBSTACULO FIJO;0;1;0;0
15/5/2024;12;AU 25 DE MAYO;ASCENDENTE;4700;BUENO;SECA;2;0;COLISION CON DOS O MAS VEHICULOS;0;3;0;0
15/5/2024;17;AU PERITO MORENO;DESCENDENTE;5400;BUENO;SECA;0;0;SINIESTRO DE UN SOLO VEHICULO / SIN COLISION;1;0;0;0
15/5/2024;18;AU FRONDIZI;DESCENDENTE;500;BUENO;SECA;1;0;COLISION CON DOS O MAS VEHICULOS;1;1;0;0
15/5/2024;19;AU 25 DE MAYO;ASCENDENTE;9000;BUENO;SECA;1;0;OBSTACULO NO FIJO;1;0;0;0
17/5/2024;9;AU PERITO MORENO;DESCENDENTE;5400;BUENO;SECA;0;0;COLISION CON DOS O MAS VEHICULOS;0;1;0;1
17/5/2024;9;AU PERITO MORENO;ASCENDENTE;3800;BUENO;SECA;0;0;COLISION CON DOS O MAS VEHICULOS;1;1;0;0
17/5/2024;17;AU FRONDIZI;DESCENDENTE;100;BUENO;SECA;1;0;COLISION CON DOS O MAS VEHICULOS;0;2;0;0
18/5/2024;0;AU 25 DE MAYO;DESCENDENTE;2900;BUENO;SECA;0;0;COLISION CON DOS O MAS VEHICULOS;1;1;0;0
18/5/2024;2;AU ILLIA;DESCENDENTE;1500;BUENO;SECA;0;0;COLISION CON OBSTACULO FIJO;0;1;0;0
18/5/2024;11;AV. CANTILO;ASCENDENTE;9000;BUENO;SECA;0;1;SINIESTRO DE UN SOLO VEHICULO / SIN COLISION;1;0;0;1
19/5/2024;21;AU 25 DE MAYO;ASCENDENTE;8600;BUENO;SECA;0;0;COLISION CON DOS O MAS VEHICULOS;0;2;0;0
20/5/2024;11;AU ILLIA;ASCENDENTE;300;BUENO;SECA;0;0;COLISION CON DOS O MAS VEHICULOS;1;1;0;0
20/5/2024;14;AU ILLIA;ASCENDENTE;3000;BUENO;SECA;0;0;COLISION CON DOS O MAS VEHICULOS;0;1;0;1
21/5/2024;17;AV. LUGONES;DESCENDENTE;4200;BUENO;SECA;0;0;COLISION CON DOS O MAS VEHICULOS;0;3;0;0
21/5/2024;19;AU FRONDIZI;ASCENDENTE;1000;BUENO;SECA;1;0;SINIESTRO DE UN SOLO VEHICULO / SIN COLISION;1;0;0;0
21/5/2024;21;AV. CANTILO;ASCENDENTE;9900;BUENO;SECA;1;0;COLISION CON DOS O MAS VEHICULOS;1;1;0;0
22/5/2024;8;AU PERITO MORENO;ASCENDENTE;5500;BUENO;SECA;1;0;COLISION CON DOS O MAS VEHICULOS;1;0;0;1
22/5/2024;13;AU PERITO MORENO;DESCENDENTE;5400;BUENO;SECA;1;0;COLISION CON DOS O MAS VEHICULOS;1;1;0;0
22/5/2024;15;AU 25 DE MAYO;ASCENDENTE;8200;BUENO;SECA;1;0;COLISION CON DOS O MAS VEHICULOS;1;1;0;0
23/5/2024;9;AU ILLIA;DESCENDENTE;2400;BUENO;SECA;0;0;COLISION CON DOS O MAS VEHICULOS;1;1;0;0
23/5/2024;17;AU FRONDIZI;DESCENDENTE;3000;BUENO;SECA;0;0;COLISION CON OBSTACULO FIJO;0;1;0;0
24/5/2024;13;AU PERITO MORENO;ASCENDENTE;200;BUENO;SECA;1;0;COLISION CON DOS O MAS VEHICULOS;1;1;0;0
24/5/2024;18;AU 25 DE MAYO;ASCENDENTE;9100;BUENO;SECA;0;0;COLISION CON DOS O MAS VEHICULOS;0;2;0;0
25/5/2024;3;AU PERITO MORENO;DESCENDENTE;1500;BUENO;SECA;1;0;COLISION CON OBSTACULO FIJO;1;0;0;0
25/5/2024;13;AU ILLIA;ASCENDENTE;2300;BUENO;SECA;0;0;COLISION CON OBSTACULO FIJO;0;0;0;1
26/5/2024;8;TRANSICION RAMAL 2;RAMAL DE ENLACE;-;BUENO;SECA;0;0;COLISION CON OBSTACULO FIJO;0;1;0;0
28/5/2024;7;AU 25 DE MAYO;DESCENDENTE;9000;BUENO;SECA;1;0;COLISION CON OBSTACULO FIJO;0;0;0;1
28/5/2024;7;AU 25 DE MAYO;ASCENDENTE;600;BUENO;SECA;0;0;COLISION CON DOS O MAS VEHICULOS;0;1;0;1
28/5/2024;14;PASEO DEL BAJO;DESCENDENTE;700;BUENO;SECA;0;0;COLISION CON DOS O MAS VEHICULOS;0;0;0;1
29/5/2024;9;AU 25 DE MAYO;ASCENDENTE;4600;BUENO;SECA;1;0;COLISION CON DOS O MAS VEHICULOS;1;0;0;0
29/5/2024;9;AU PERITO MORENO;ASCENDENTE;5600;BUENO;SECA;0;0;COLISION CON DOS O MAS VEHICULOS;1;0;0;1
30/5/2024;11;AV. LUGONES;DESCENDENTE;7900;BUENO;SECA;1;0;COLISION CON DOS O MAS VEHICULOS;0;3;0;0
30/5/2024;15;AV. LUGONES;DESCENDENTE;7300;BUENO;SECA;0;0;COLISION CON DOS O MAS VEHICULOS;0;1;1;0
30/5/2024;17;AV. LUGONES;DESCENDENTE;6700;BUENO;SECA;0;0;COLISION CON DOS O MAS VEHICULOS;0;1;1;0
31/5/2024;11;AU PERITO MORENO;DESCENDENTE;5400;BUENO;SECA;0;0;COLISION CON DOS O MAS VEHICULOS;0;1;0;1
31/5/2024;16;AV. CANTILO;ASCENDENTE;8900;BUENO;SECA;1;0;COLISION CON DOS O MAS VEHICULOS;2;0;0;0
31/5/2024;17;AU ILLIA;ASCENDENTE;2200;BUENO;SECA;0;0;COLISION CON OBSTACULO FIJO;0;1;0;0
3/6/2024;9;AV. LUGONES;DESCENDENTE;10500;BUENO;SECA;2;0;COLISION CON DOS O MAS VEHICULOS;2;0;0;0
3/6/2024;17;AU CAMPORA;DESCENDENTE;1500;BUENO;SECA;2;0;COLISION CON DOS O MAS VEHICULOS;0;1;0;0
3/6/2024;19;AU PERITO MORENO;DESCENDENTE;500;BUENO;SECA;0;0;COLISION CON DOS O MAS VEHICULOS;0;2;0;0
3/6/2024;19;AU DELLEPIANE;DESCENDENTE;4700;BUENO;SECA;0;0;COLISION CON DOS O MAS VEHICULOS;1;0;0;0
3/6/2024;23;AU FRONDIZI;DESCENDENTE;800;BUENO;SECA;0;0;OBSTACULO NO FIJO;1;0;0;0
4/6/2024;10;AU DELLEPIANE;DESCENDENTE;3000;BUENO;SECA;0;0;COLISION CON DOS O MAS VEHICULOS;0;2;0;0
4/6/2024;15;AV. CANTILO;ASCENDENTE;8900;BUENO;SECA;1;0;COLISION CON DOS O MAS VEHICULOS;0;2;0;0
4/6/2024;19;AV. LUGONES;DESCENDENTE;10200;BUENO;SECA;1;0;OBSTACULO NO FIJO;2;0;0;0
5/6/2024;0;AU PERITO MORENO;ASCENDENTE;5800;LLUVIOSO;SECA;0;0;COLISION CON OBSTACULO FIJO;0;1;0;0
5/6/2024;16;AU 25 DE MAYO;ASCENDENTE;5500;BUENO;SECA;0;0;SINIESTRO DE UN SOLO VEHICULO / SIN COLISION;1;0;0;0
5/6/2024;20;AV. LUGONES;DESCENDENTE;4500;BUENO;SECA;0;0;COLISION CON DOS O MAS VEHICULOS;0;4;0;0
6/6/2024;7;AV. LUGONES;DESCENDENTE;5900;BUENO;SECA;0;0;COLISION CON DOS O MAS VEHICULOS;1;0;0;0
6/6/2024;9;AU FRONDIZI;ASCENDENTE;2000;BUENO;SECA;0;0;COLISION CON DOS O MAS VEHICULOS;1;1;0;0
6/6/2024;9;AV. LUGONES;DESCENDENTE;6000;<SD>;SECA;1;0;COLISION CON DOS O MAS VEHICULOS;1;1;0;0
6/6/2024;11;AU DELLEPIANE;ASCENDENTE;3800;BUENO;SECA;0;0;COLISION CON DOS O MAS VEHICULOS;0;2;0;2
6/6/2024;14;AU DELLEPIANE;DESCENDENTE;800;BUENO;SECA;0;0;COLISION CON DOS O MAS VEHICULOS;0;2;0;0
6/6/2024;17;AV. CANTILO;ASCENDENTE;9800;BUENO;SECA;0;0;COLISION CON DOS O MAS VEHICULOS;0;2;0;0
6/6/2024;19;AU FRONDIZI;DESCENDENTE;2200;BUENO;SECA;0;0;COLISION CON OBSTACULO FIJO;0;1;0;0
7/6/2024;17;PASEO DEL BAJO;DESCENDENTE;2500;BUENO;SECA;1;0;COLISION CON DOS O MAS VEHICULOS;1;0;0;2
7/6/2024;18;AV. LUGONES;DESCENDENTE;4900;BUENO;SECA;1;0;OBSTACULO NO FIJO;1;1;0;0
7/6/2024;19;AU DELLEPIANE;ASCENDENTE;3600;BUENO;SECA;1;0;SINIESTRO DE UN SOLO VEHICULO / SIN COLISION;1;0;0;0
7/6/2024;21;AV. LUGONES;DESCENDENTE;4300;BUENO;SECA;0;0;COLISION CON DOS O MAS VEHICULOS;0;2;0;0
8/6/2024;12;AU DELLEPIANE;DESCENDENTE;1500;BUENO;SECA;0;0;COLISION CON DOS O MAS VEHICULOS;0;3;0;0
9/6/2024;7;AU 25 DE MAYO;DESCENDENTE;1500;BUENO;SECA;0;0;COLISION CON OBSTACULO FIJO;0;1;0;0
10/6/2024;8;AU PERITO MORENO;ASCENDENTE;300;BUENO;SECA;0;0;COLISION CON DOS O MAS VEHICULOS;1;1;0;0
11/6/2024;14;AU DELLEPIANE;DESCENDENTE;2300;BUENO;SECA;1;0;COLISION CON DOS O MAS VEHICULOS;1;1;0;0
11/6/2024;16;AV. CANTILO;ASCENDENTE;9900;BUENO;SECA;4;0;COLISION CON DOS O MAS VEHICULOS;0;3;0;0
11/6/2024;16;AV. CANTILO;ASCENDENTE;8200;BUENO;SECA;1;0;COLISION CON DOS O MAS VEHICULOS;1;0;0;0
12/6/2024;9;AU CAMPORA;DESCENDENTE;1500;NIEBLA, BRUMA O HUMO;SECA;0;0;COLISION CON DOS O MAS VEHICULOS;0;0;0;2
13/6/2024;11;AU 25 DE MAYO;DESCENDENTE;2400;BUENO;SECA;0;0;COLISION CON DOS O MAS VEHICULOS;0;2;0;0
13/6/2024;15;AU DELLEPIANE;ASCENDENTE;1600;BUENO;SECA;0;0;COLISION CON DOS O MAS VEHICULOS;0;1;0;1
14/6/2024;9;AU 25 DE MAYO;ASCENDENTE;9200;BUENO;SECA;0;0;COLISION CON DOS O MAS VEHICULOS;0;1;0;0
14/6/2024;13;AU 25 DE MAYO;ASCENDENTE;500;LLUVIOSO;SECA;0;0;SINIESTRO DE UN SOLO VEHICULO / SIN COLISION;1;0;0;0
14/6/2024;14;AU 25 DE MAYO;DESCENDENTE;2100;BUENO;SECA;0;0;COLISION CON DOS O MAS VEHICULOS;0;1;0;0
14/6/2024;15;AU ILLIA;ASCENDENTE;5500;BUENO;SECA;0;0;SINIESTRO DE UN SOLO VEHICULO / SIN COLISION;2;0;0;0
14/6/2024;20;AV. LUGONES;DESCENDENTE;4200;BUENO;SECA;0;0;COLISION CON DOS O MAS VEHICULOS;0;2;0;0
15/6/2024;21;AU DELLEPIANE;ASCENDENTE;2500;BUENO;SECA;0;0;OBSTACULO NO FIJO;0;1;0;0
16/6/2024;10;AU 25 DE MAYO;DESCENDENTE;3200;BUENO;SECA;0;0;COLISION CON DOS O MAS VEHICULOS;0;2;0;0
17/6/2024;4;AU DELLEPIANE;DESCENDENTE;3700;BUENO;SECA;0;0;COLISION CON DOS O MAS VEHICULOS;0;2;0;0
17/6/2024;15;AU PERITO MORENO;DESCENDENTE;3300;BUENO;SECA;1;0;COLISION CON OBSTACULO FIJO;1;1;0;0
17/6/2024;22;AU FRONDIZI;DESCENDENTE;2300;BUENO;SECA;1;0;SINIESTRO DE UN SOLO VEHICULO / SIN COLISION;1;0;0;0
18/6/2024;14;AU DELLEPIANE;ASCENDENTE;2200;BUENO;SECA;0;0;COLISION CON DOS O MAS VEHICULOS;0;2;0;0
19/6/2024;6;AU DELLEPIANE;DESCENDENTE;4500;BUENO;MOJADA/HUMEDA;0;0;SINIESTRO DE UN SOLO VEHICULO / SIN COLISION;1;0;0;0
19/6/2024;10;PASEO DEL BAJO;ASCENDENTE;3200;BUENO;SECA;0;0;COLISION CON DOS O MAS VEHICULOS;0;0;0;2
19/6/2024;17;PASEO DEL BAJO;DESCENDENTE;1800;BUENO;SECA;0;1;COLISION CON DOS O MAS VEHICULOS;1;0;0;1
20/6/2024;15;AU 25 DE MAYO;ASCENDENTE;1800;BUENO;SECA;0;0;COLISION CON DOS O MAS VEHICULOS;0;1;0;0
21/6/2024;7;AU DELLEPIANE;ASCENDENTE;2600;LLUVIOSO;MOJADA/HUMEDA;0;0;COLISION CON DOS O MAS VEHICULOS;0;1;0;1
21/6/2024;18;AU PERITO MORENO;ASCENDENTE;5500;BUENO;SECA;0;0;COLISION CON DOS O MAS VEHICULOS;0;2;0;0
22/6/2024;0;AV. LUGONES;DESCENDENTE;10300;BUENO;SECA;0;0;COLISION CON OBSTACULO FIJO;0;1;0;0
22/6/2024;14;AV. CANTILO;ASCENDENTE;8500;BUENO;SECA;0;0;COLISION CON DOS O MAS VEHICULOS;0;1;0;2
23/6/2024;8;AV. LUGONES;DESCENDENTE;10300;BUENO;SECA;0;0;COLISION CON OBSTACULO FIJO;0;1;0;0
24/6/2024;9;AU DELLEPIANE;ASCENDENTE;3000;BUENO;SECA;0;0;COLISION CON DOS O MAS VEHICULOS;0;0;1;2
24/6/2024;15;AU PERITO MORENO;DESCENDENTE;5400;BUENO;SECA;1;0;COLISION CON DOS O MAS VEHICULOS;1;1;0;0
24/6/2024;20;AU 25 DE MAYO;DESCENDENTE;6500;BUENO;SECA;0;0;COLISION CON DOS O MAS VEHICULOS;0;1;0;0
25/6/2024;18;AU PERITO MORENO;DESCENDENTE;1500;LLUVIOSO;SECA;1;0;COLISION CON DOS O MAS VEHICULOS;1;1;0;0
25/6/2024;21;AU FRONDIZI;DESCENDENTE;2100;LLUVIOSO;SECA;0;0;COLISION CON DOS O MAS VEHICULOS;0;2;0;0
25/6/2024;21;AV. LUGONES;DESCENDENTE;10500;LLUVIOSO;SECA;0;0;SINIESTRO DE UN SOLO VEHICULO / SIN COLISION;1;0;0;0
26/6/2024;9;AU PERITO MORENO;ASCENDENTE;200;BUENO;SECA;1;0;COLISION CON DOS O MAS VEHICULOS;1;1;0;0
26/6/2024;10;AU FRONDIZI;ASCENDENTE;3200;BUENO;SECA;1;0;COLISION CON DOS O MAS VEHICULOS;1;0;0;0
26/6/2024;18;AU 25 DE MAYO;DESCENDENTE;900;BUENO;SECA;0;0;COLISION CON DOS O MAS VEHICULOS;0;2;0;1
27/6/2024;8;AU PERITO MORENO;ASCENDENTE;5400;BUENO;SECA;0;0;COLISION CON DOS O MAS VEHICULOS;1;1;0;0
28/6/2024;7;AU 25 DE MAYO;ASCENDENTE;1900;BUENO;SECA;0;0;COLISION CON DOS O MAS VEHICULOS;0;1;0;0
28/6/2024;12;AU 25 DE MAYO;DESCENDENTE;2800;BUENO;SECA;1;0;COLISION CON DOS O MAS VEHICULOS;0;1;0;0
28/6/2024;12;AU 25 DE MAYO;DESCENDENTE;4500;BUENO;SECA;0;0;COLISION CON DOS O MAS VEHICULOS;0;2;0;2
28/6/2024;13;AU DELLEPIANE;ASCENDENTE;900;BUENO;SECA;0;0;COLISION CON DOS O MAS VEHICULOS;0;4;0;0
28/6/2024;14;AV. LUGONES;DESCENDENTE;4000;BUENO;SECA;0;0;COLISION CON DOS O MAS VEHICULOS;0;2;0;0
29/6/2024;16;AU ILLIA;ASCENDENTE;3700;BUENO;SECA;1;0;COLISION CON DOS O MAS VEHICULOS;1;1;0;0
30/6/2024;10;AV. LUGONES;DESCENDENTE;6000;BUENO;SECA;0;0;COLISION CON OBSTACULO FIJO;0;1;0;0
30/6/2024;19;AU DELLEPIANE;ASCENDENTE;1600;BUENO;SECA;0;0;COLISION CON OBSTACULO FIJO;0;1;0;0
1/7/2024;9;AV. CANTILO;ASCENDENTE;9700;BUENO;SECA;0;0;COLISION CON DOS O MAS VEHICULOS;0;3;0;0
2/7/2024;9;AU PERITO MORENO;ASCENDENTE;3600;BUENO;SECA;0;0;COLISION CON DOS O MAS VEHICULOS;0;2;0;0
2/7/2024;9;AU DELLEPIANE;ASCENDENTE;3900;BUENO;SECA;0;0;COLISION CON DOS O MAS VEHICULOS;0;2;0;0
2/7/2024;15;AV. CANTILO;ASCENDENTE;9400;BUENO;SECA;1;0;OBSTACULO NO FIJO;1;1;0;0
3/7/2024;9;AV. CANTILO;ASCENDENTE;9800;BUENO;SECA;1;0;COLISION CON DOS O MAS VEHICULOS;1;1;0;0
3/7/2024;14;AU DELLEPIANE;DESCENDENTE;1800;BUENO;SECA;0;0;COLISION CON DOS O MAS VEHICULOS;1;1;0;0
3/7/2024;15;AU CAMPORA;DESCENDENTE;2500;BUENO;SECA;3;0;COLISION CON DOS O MAS VEHICULOS;0;2;0;1
3/7/2024;15;AU DELLEPIANE;ASCENDENTE;2800;BUENO;SECA;0;0;COLISION CON DOS O MAS VEHICULOS;0;4;0;0
3/7/2024;21;AU PERITO MORENO;ASCENDENTE;2000;BUENO;SECA;0;0;COLISION CON DOS O MAS VEHICULOS;0;1;0;0
4/7/2024;0;AV. CANTILO;ASCENDENTE;7700;BUENO;SECA;2;0;COLISION CON DOS O MAS VEHICULOS;2;0;0;0
4/7/2024;6;AU ILLIA;DESCENDENTE;1800;BUENO;SECA;0;0;COLISION CON DOS O MAS VEHICULOS;0;2;0;0
4/7/2024;14;AU DELLEPIANE;DESCENDENTE;2000;BUENO;SECA;1;0;COLISION CON DOS O MAS VEHICULOS;0;3;0;0
4/7/2024;15;AU PERITO MORENO;DESCENDENTE;5400;BUENO;SECA;0;0;COLISION CON DOS O MAS VEHICULOS;2;1;0;0
5/7/2024;11;AU 25 DE MAYO;DESCENDENTE;6600;BUENO;SECA;1;0;COLISION CON DOS O MAS VEHICULOS;1;1;0;0
5/7/2024;13;AU 25 DE MAYO;ASCENDENTE;3000;BUENO;SECA;0;0;COLISION CON DOS O MAS VEHICULOS;0;2;0;0
7/7/2024;8;AU 25 DE MAYO;DESCENDENTE;1600;BUENO;SECA;0;0;COLISION CON OBSTACULO FIJO;0;2;0;0
8/7/2024;10;AU 25 DE MAYO;ASCENDENTE;600;BUENO;SECA;0;0;COLISION CON DOS O MAS VEHICULOS;1;1;0;0
8/7/2024;13;AU FRONDIZI;ASCENDENTE;2000;BUENO;SECA;0;0;COLISION CON DOS O MAS VEHICULOS;1;1;0;0
9/7/2024;16;AV. LUGONES;DESCENDENTE;6000;BUENO;SECA;0;0;COLISION CON DOS O MAS VEHICULOS;1;1;0;0
10/7/2024;7;AV. LUGONES;DESCENDENTE;9500;BUENO;SECA;0;0;COLISION CON DOS O MAS VEHICULOS;0;4;0;0
10/7/2024;12;AU 25 DE MAYO;DESCENDENTE;500;BUENO;SECA;0;0;COLISION CON DOS O MAS VEHICULOS;1;0;0;0
10/7/2024;13;AV. LUGONES;DESCENDENTE;8500;BUENO;SECA;0;0;COLISION CON DOS O MAS VEHICULOS;0;3;0;0
10/7/2024;17;AU FRONDIZI;DESCENDENTE;2500;BUENO;SECA;1;0;SINIESTRO DE UN SOLO VEHICULO / SIN COLISION;1;0;0;0
10/7/2024;17;DIST. DELLEPIANE;RAMAL 12;-;BUENO;SECA;0;0;COLISION CON DOS O MAS VEHICULOS;0;0;0;2
10/7/2024;18;AU DELLEPIANE;DESCENDENTE;4000;BUENO;SECA;0;0;COLISION CON DOS O MAS VEHICULOS;0;1;0;0
11/7/2024;7;AU DELLEPIANE;ASCENDENTE;3200;BUENO;SECA;1;0;COLISION CON DOS O MAS VEHICULOS;1;1;0;0
11/7/2024;10;AU 25 DE MAYO;ASCENDENTE;4600;BUENO;SECA;1;0;SINIESTRO DE UN SOLO VEHICULO / SIN COLISION;1;0;0;0
11/7/2024;18;TRANSICION RAMAL 2;RAMAL DE ENLACE;-;BUENO;SECA;0;0;COLISION CON DOS O MAS VEHICULOS;1;1;0;0
12/7/2024;15;AU CAMPORA;DESCENDENTE;3100;BUENO;SECA;1;0;COLISION CON DOS O MAS VEHICULOS;0;2;0;0
12/7/2024;18;AV. LUGONES;DESCENDENTE;8100;BUENO;SECA;0;0;OBSTACULO NO FIJO;1;0;0;1
13/7/2024;8;AV. LUGONES;DESCENDENTE;7000;BUENO;SECA;1;0;COLISION CON DOS O MAS VEHICULOS;1;1;0;0
13/7/2024;19;AU DELLEPIANE;ASCENDENTE;3800;BUENO;SECA;0;0;COLISION CON DOS O MAS VEHICULOS;0;2;0;0
14/7/2024;0;AU ILLIA;ASCENDENTE;2100;BUENO;SECA;0;0;COLISION CON OBSTACULO FIJO;0;1;0;0
15/7/2024;9;AU DELLEPIANE;ASCENDENTE;3500;BUENO;SECA;0;0;COLISION CON DOS O MAS VEHICULOS;1;0;0;0
15/7/2024;13;AU FRONDIZI;DESCENDENTE;2000;BUENO;SECA;0;0;COLISION CON DOS O MAS VEHICULOS;0;3;0;1
17/7/2024;20;AU 25 DE MAYO;DESCENDENTE;1700;BUENO;SECA;0;0;COLISION CON DOS O MAS VEHICULOS;0;2;0;0
18/7/2024;0;AU DELLEPIANE;ASCENDENTE;2800;BUENO;SECA;1;0;COLISION CON DOS O MAS VEHICULOS;0;1;0;0
18/7/2024;8;AU DELLEPIANE;ASCENDENTE;500;BUENO;SECA;0;0;OTRO;0;0;0;1
18/7/2024;12;AU FRONDIZI;DESCENDENTE;2000;BUENO;SECA;0;0;COLISION CON DOS O MAS VEHICULOS;0;0;0;2
18/7/2024;12;AU 25 DE MAYO;ASCENDENTE;5900;BUENO;SECA;0;0;COLISION CON DOS O MAS VEHICULOS;2;0;0;0
18/7/2024;13;AV. LUGONES;DESCENDENTE;4900;BUENO;SECA;0;0;SINIESTRO DE UN SOLO VEHICULO / SIN COLISION;1;0;0;0
18/7/2024;19;AU FRONDIZI;DESCENDENTE;3000;BUENO;SECA;1;0;OBSTACULO NO FIJO;1;1;0;0
19/7/2024;8;AU DELLEPIANE;ASCENDENTE;4400;BUENO;SECA;0;0;COLISION CON DOS O MAS VEHICULOS;1;1;0;0
19/7/2024;9;AU DELLEPIANE;DESCENDENTE;4600;BUENO;SECA;0;0;COLISION CON DOS O MAS VEHICULOS;0;2;0;0
19/7/2024;11;AV. LUGONES;DESCENDENTE;4300;BUENO;SECA;2;0;COLISION CON DOS O MAS VEHICULOS;0;2;0;0
19/7/2024;13;AU PERITO MORENO;ASCENDENTE;5400;BUENO;SECA;0;0;COLISION CON OBSTACULO FIJO;0;1;0;0
19/7/2024;14;AU PERITO MORENO;DESCENDENTE;100;BUENO;SECA;0;0;COLISION CON OBSTACULO FIJO;0;1;0;0
19/7/2024;21;AV. CANTILO;ASCENDENTE;8600;BUENO;SECA;2;0;COLISION CON DOS O MAS VEHICULOS;0;2;0;1
19/7/2024;23;AU PERITO MORENO;ASCENDENTE;3800;BUENO;SECA;0;0;OBSTACULO NO FIJO;0;1;0;0
20/7/2024;13;AU DELLEPIANE;ASCENDENTE;4000;BUENO;SECA;0;0;COLISION CON DOS O MAS VEHICULOS;0;1;0;0
21/7/2024;8;AU PERITO MORENO;ASCENDENTE;6000;BUENO;SECA;1;0;COLISION CON DOS O MAS VEHICULOS;0;1;0;1
22/7/2024;13;AU PERITO MORENO;ASCENDENTE;5300;BUENO;SECA;0;0;COLISION CON DOS O MAS VEHICULOS;0;2;0;0
22/7/2024;15;AU DELLEPIANE;DESCENDENTE;800;BUENO;SECA;0;0;COLISION CON DOS O MAS VEHICULOS;0;3;0;0
22/7/2024;16;AU DELLEPIANE;DESCENDENTE;3100;BUENO;SECA;0;0;COLISION CON DOS O MAS VEHICULOS;0;2;0;0
22/7/2024;18;AV. CANTILO;ASCENDENTE;8500;BUENO;SECA;0;0;COLISION CON DOS O MAS VEHICULOS;0;3;0;0
23/7/2024;1;AV. LUGONES;DESCENDENTE;8900;BUENO;SECA;1;0;OBSTACULO NO FIJO;0;1;0;1
23/7/2024;12;AU 25 DE MAYO;ASCENDENTE;8200;BUENO;SECA;1;0;COLISION CON DOS O MAS VEHICULOS;2;0;0;0
23/7/2024;13;AU ILLIA;ASCENDENTE;2600;BUENO;SECA;1;0;OBSTACULO NO FIJO;1;0;0;0
23/7/2024;14;AV. CANTILO;ASCENDENTE;8000;BUENO;SECA;0;0;COLISION CON DOS O MAS VEHICULOS;0;2;0;1
24/7/2024;6;AV. LUGONES;DESCENDENTE;5300;BUENO;SECA;0;0;COLISION CON DOS O MAS VEHICULOS;0;2;0;0
24/7/2024;11;AU 25 DE MAYO;DESCENDENTE;9000;BUENO;SECA;0;0;COLISION CON OBSTACULO FIJO;0;1;0;0
25/7/2024;12;AU PERITO MORENO;ASCENDENTE;5300;BUENO;SECA;0;0;COLISION CON OBSTACULO FIJO;0;0;0;1
26/7/2024;7;AU 25 DE MAYO;ASCENDENTE;8600;BUENO;SECA;0;0;COLISION CON DOS O MAS VEHICULOS;0;1;0;1
28/7/2024;6;PASEO DEL BAJO;DIST. SUR - RAMAL 1;-;BUENO;SECA;0;0;COLISION CON OBSTACULO FIJO;0;1;0;0
28/7/2024;8;AU DELLEPIANE;DESCENDENTE;1000;BUENO;SECA;0;0;COLISION CON OBSTACULO FIJO;0;3;0;0
29/7/2024;11;AU FRONDIZI;DESCENDENTE;1000;BUENO;SECA;1;0;COLISION CON DOS O MAS VEHICULOS;0;1;0;1
29/7/2024;17;AU PERITO MORENO;ASCENDENTE;6000;BUENO;SECA;0;0;COLISION CON DOS O MAS VEHICULOS;0;2;0;0
30/7/2024;8;AU 25 DE MAYO;ASCENDENTE;8300;BUENO;SECA;0;0;COLISION CON DOS O MAS VEHICULOS;0;1;0;1
31/7/2024;7;AV. LUGONES;DESCENDENTE;10100;BUENO;SECA;1;0;COLISION CON DOS O MAS VEHICULOS;1;0;0;1
31/7/2024;15;AU 25 DE MAYO;ASCENDENTE;2000;BUENO;SECA;4;0;COLISION CON DOS O MAS VEHICULOS;2;2;0;0
31/7/2024;15;AV. LUGONES;DESCENDENTE;10300;BUENO;SECA;0;0;COLISION CON DOS O MAS VEHICULOS;0;0;1;1
1/8/2024;5;AU PERITO MORENO;ASCENDENTE;5400;BUENO;SECA;0;0;COLISION CON OBSTACULO FIJO;0;0;0;1
1/8/2024;5;AU PERITO MORENO;DESCENDENTE;2000;BUENO;SECA;0;0;COLISION CON OBSTACULO FIJO;0;1;0;0
1/8/2024;15;AU 25 DE MAYO;DESCENDENTE;8100;BUENO;SECA;1;0;SINIESTRO DE UN SOLO VEHICULO / SIN COLISION;1;0;0;1
2/8/2024;9;AU ILLIA;DESCENDENTE;2800;BUENO;SECA;2;0;COLISION CON DOS O MAS VEHICULOS;0;2;0;0
2/8/2024;19;AU CAMPORA;ASCENDENTE;3000;BUENO;SECA;0;0;COLISION CON DOS O MAS VEHICULOS;0;1;0;1
3/8/2024;1;AV. LUGONES;DESCENDENTE;6000;LLUVIOSO;SECA;0;0;COLISION CON OBSTACULO FIJO;0;1;0;0
3/8/2024;4;AU 25 DE MAYO;DESCENDENTE;6700;LLUVIOSO;SECA;0;0;OBSTACULO NO FIJO;0;0;1;0
3/8/2024;7;AU 25 DE MAYO;DESCENDENTE;3500;LLUVIOSO;SECA;0;0;COLISION CON OBSTACULO FIJO;0;1;0;0
3/8/2024;11;PASEO DEL BAJO;DIST. SUR - RAMAL 2;-;BUENO;SECA;1;0;COLISION CON DOS O MAS VEHICULOS;0;0;0;1
4/8/2024;6;AU DELLEPIANE;DESCENDENTE;500;BUENO;SECA;1;0;COLISION CON OBSTACULO FIJO;0;1;0;0
4/8/2024;12;AU PERITO MORENO;ASCENDENTE;4400;BUENO;SECA;0;0;COLISION CON OBSTACULO FIJO;0;1;0;0
5/8/2024;9;AU 25 DE MAYO;DESCENDENTE;2100;BUENO;SECA;0;0;COLISION CON DOS O MAS VEHICULOS;0;4;0;0
6/8/2024;13;AU 25 DE MAYO;DESCENDENTE;3500;LLUVIOSO;SECA;0;0;COLISION CON DOS O MAS VEHICULOS;0;2;0;0
7/8/2024;8;TRANSICION RAMAL 1;RAMAL DE EGRESO;-;BUENO;SECA;1;0;COLISION CON DOS O MAS VEHICULOS;1;0;0;1
7/8/2024;19;AU DELLEPIANE;DESCENDENTE;2900;BUENO;SECA;1;0;COLISION CON DOS O MAS VEHICULOS;0;2;1;0
8/8/2024;10;AU PERITO MORENO;DESCENDENTE;300;LLUVIOSO;SECA;1;0;COLISION CON DOS O MAS VEHICULOS;1;0;0;0
8/8/2024;14;AU CAMPORA;DESCENDENTE;2700;BUENO;SECA;0;0;COLISION CON OBSTACULO FIJO;0;1;0;0
8/8/2024;17;AU FRONDIZI;ASCENDENTE;2500;LLUVIOSO;SECA;0;0;COLISION CON DOS O MAS VEHICULOS;0;1;0;0
9/8/2024;8;AU ILLIA;DESCENDENTE;200;BUENO;SECA;1;0;COLISION CON DOS O MAS VEHICULOS;1;1;0;0
9/8/2024;8;AV. LUGONES;DESCENDENTE;4200;BUENO;SECA;0;0;COLISION CON DOS O MAS VEHICULOS;1;1;0;0
9/8/2024;10;AU DELLEPIANE;ASCENDENTE;3800;BUENO;SECA;1;0;COLISION CON DOS O MAS VEHICULOS;0;1;0;1
9/8/2024;12;AU PERITO MORENO;DESCENDENTE;2600;BUENO;SECA;0;0;COLISION CON OBSTACULO FIJO;0;1;0;0
10/8/2024;12;AU PERITO MORENO;DESCENDENTE;1600;BUENO;SECA;0;0;COLISION CON OBSTACULO FIJO;0;1;0;0
11/8/2024;17;AU ILLIA;DESCENDENTE;3800;BUENO;SECA;1;0;COLISION CON DOS O MAS VEHICULOS;0;2;0;0
12/8/2024;7;AU PERITO MORENO;ASCENDENTE;5400;BUENO;SECA;0;0;COLISION CON OBSTACULO FIJO;0;0;1;0
12/8/2024;10;AV. LUGONES;DESCENDENTE;6000;BUENO;SECA;1;0;COLISION CON DOS O MAS VEHICULOS;1;0;0;0
12/8/2024;11;AV. LUGONES;DESCENDENTE;6000;BUENO;SECA;1;0;COLISION CON DOS O MAS VEHICULOS;1;1;0;0
13/8/2024;16;AU PERITO MORENO;DESCENDENTE;5000;BUENO;SECA;0;0;COLISION CON DOS O MAS VEHICULOS;0;1;1;0
14/8/2024;14;AU DELLEPIANE;ASCENDENTE;2500;BUENO;SECA;0;0;COLISION CON DOS O MAS VEHICULOS;0;3;0;0
14/8/2024;15;AU 25 DE MAYO;DESCENDENTE;6000;BUENO;SECA;0;0;COLISION CON DOS O MAS VEHICULOS;0;2;0;0
15/8/2024;6;AU 25 DE MAYO;DESCENDENTE;5800;BUENO;SECA;0;1;COLISION CON DOS O MAS VEHICULOS;0;1;0;1
15/8/2024;7;AU DELLEPIANE;ASCENDENTE;3000;BUENO;SECA;1;0;COLISION CON DOS O MAS VEHICULOS;1;0;0;0
15/8/2024;7;AU PERITO MORENO;ASCENDENTE;3800;BUENO;SECA;1;0;COLISION CON DOS O MAS VEHICULOS;1;1;0;0
15/8/2024;15;AU 25 DE MAYO;DESCENDENTE;2200;BUENO;SECA;0;0;COLISION CON DOS O MAS VEHICULOS;0;1;0;0
15/8/2024;17;AU 25 DE MAYO;DESCENDENTE;5700;BUENO;SECA;0;0;COLISION CON DOS O MAS VEHICULOS;1;1;0;0
17/8/2024;12;AU 25 DE MAYO;ASCENDENTE;3400;BUENO;SECA;0;0;COLISION CON DOS O MAS VEHICULOS;0;2;0;0
18/8/2024;22;AU FRONDIZI;ASCENDENTE;3300;BUENO;SECA;0;0;SINIESTRO DE UN SOLO VEHICULO / SIN COLISION;1;0;0;0
19/8/2024;6;TRANSICION RAMAL 3;RAMAL DE ENLACE;-;BUENO;SECA;1;0;COLISION CON DOS O MAS VEHICULOS;0;1;0;1
19/8/2024;7;AU FRONDIZI;DESCENDENTE;1400;BUENO;SECA;0;0;COLISION CON OBSTACULO FIJO;0;1;0;0
20/8/2024;5;AV. LUGONES;DESCENDENTE;8700;BUENO;SECA;1;0;SINIESTRO DE UN SOLO VEHICULO / SIN COLISION;1;0;0;0
20/8/2024;15;AU DELLEPIANE;ASCENDENTE;500;BUENO;SECA;0;0;COLISION CON DOS O MAS VEHICULOS;0;1;1;0
21/8/2024;9;AU 25 DE MAYO;ASCENDENTE;8700;LLUVIOSO;SECA;0;0;COLISION CON DOS O MAS VEHICULOS;0;1;0;1
21/8/2024;11;AU 25 DE MAYO;ASCENDENTE;700;BUENO;SECA;0;0;COLISION CON DOS O MAS VEHICULOS;0;2;0;0
22/8/2024;3;AU 25 DE MAYO;DESCENDENTE;4100;LLUVIOSO;SECA;1;0;COLISION CON OBSTACULO FIJO;0;1;0;0
22/8/2024;6;AU PERITO MORENO;ASCENDENTE;5400;LLUVIOSO;SECA;0;0;SINIESTRO DE UN SOLO VEHICULO / SIN COLISION;1;0;0;0
24/8/2024;8;AV. CANTILO;ASCENDENTE;8700;BUENO;SECA;0;0;COLISION CON DOS O MAS VEHICULOS;0;1;0;1
24/8/2024;10;AU ILLIA;DESCENDENTE;2700;BUENO;SECA;2;0;COLISION CON DOS O MAS VEHICULOS;0;2;0;0
24/8/2024;16;AV. LUGONES;DESCENDENTE;9200;BUENO;SECA;0;0;COLISION CON DOS O MAS VEHICULOS;0;2;0;0
24/8/2024;18;AU ILLIA;DESCENDENTE;2700;BUENO;SECA;1;0;COLISION CON DOS O MAS VEHICULOS;1;0;0;0
24/8/2024;20;AU PERITO MORENO;ASCENDENTE;5400;BUENO;SECA;0;0;COLISION CON DOS O MAS VEHICULOS;0;1;0;0
24/8/2024;21;AV. CANTILO;ASCENDENTE;9200;BUENO;SECA;0;0;COLISION CON DOS O MAS VEHICULOS;0;3;0;0
24/8/2024;21;AU DELLEPIANE;ASCENDENTE;4300;BUENO;SECA;0;0;COLISION CON OBSTACULO FIJO;0;1;0;0
26/8/2024;9;TRANSICION RAMAL 2;RAMAL DE ENLACE;-;BUENO;SECA;1;0;COLISION CON DOS O MAS VEHICULOS;1;0;0;1
26/8/2024;10;AU PERITO MORENO;ASCENDENTE;5600;BUENO;SECA;0;0;COLISION CON DOS O MAS VEHICULOS;0;1;0;1
26/8/2024;17;AV. LUGONES;DESCENDENTE;4900;BUENO;SECA;1;0;SINIESTRO DE UN SOLO VEHICULO / SIN COLISION;1;1;0;0
26/8/2024;23;AU DELLEPIANE;DESCENDENTE;2300;BUENO;SECA;1;0;COLISION CON DOS O MAS VEHICULOS;0;0;0;2
27/8/2024;14;AU ILLIA;ASCENDENTE;2400;BUENO;SECA;1;0;OBSTACULO NO FIJO;1;1;0;0
27/8/2024;14;AU CAMPORA;DESCENDENTE;1400;BUENO;SECA;0;0;COLISION CON DOS O MAS VEHICULOS;0;0;0;2
27/8/2024;18;AU PERITO MORENO;DESCENDENTE;1000;BUENO;SECA;1;0;COLISION CON DOS O MAS VEHICULOS;1;1;0;0
28/8/2024;9;AU DELLEPIANE;ASCENDENTE;400;BUENO;SECA;2;0;COLISION CON DOS O MAS VEHICULOS;0;1;0;2
28/8/2024;13;AU DELLEPIANE;ASCENDENTE;3800;BUENO;SECA;0;0;COLISION CON DOS O MAS VEHICULOS;1;1;0;0
28/8/2024;18;AU FRONDIZI;ASCENDENTE;1900;BUENO;SECA;0;0;SINIESTRO DE UN SOLO VEHICULO / SIN COLISION;1;0;0;0
29/8/2024;12;AU 25 DE MAYO;DESCENDENTE;7500;BUENO;SECA;0;0;COLISION CON DOS O MAS VEHICULOS;0;0;0;1
29/8/2024;12;AU FRONDIZI;ASCENDENTE;400;BUENO;SECA;1;0;COLISION CON DOS O MAS VEHICULOS;1;0;0;0
29/8/2024;14;AU FRONDIZI;ASCENDENTE;300;BUENO;SECA;0;0;COLISION CON DOS O MAS VEHICULOS;0;2;0;0
29/8/2024;15;AU PERITO MORENO;DESCENDENTE;5600;BUENO;SECA;0;0;COLISION CON DOS O MAS VEHICULOS;0;1;0;1
29/8/2024;16;AU FRONDIZI;DESCENDENTE;1400;BUENO;SECA;1;0;COLISION CON DOS O MAS VEHICULOS;0;4;0;0
29/8/2024;18;AU 25 DE MAYO;DESCENDENTE;1200;BUENO;SECA;1;0;SINIESTRO DE UN SOLO VEHICULO / SIN COLISION;1;0;0;0
30/8/2024;7;AU 25 DE MAYO;DESCENDENTE;9200;BUENO;SECA;0;0;COLISION CON DOS O MAS VEHICULOS;0;2;0;0
30/8/2024;8;AV. LUGONES;DESCENDENTE;8700;BUENO;SECA;1;0;COLISION CON DOS O MAS VEHICULOS;1;1;0;0
30/8/2024;13;AU DELLEPIANE;DESCENDENTE;3900;LLUVIOSO;SECA;0;0;COLISION CON OBSTACULO FIJO;0;0;0;1
30/8/2024;17;AU DELLEPIANE;ASCENDENTE;2500;LLUVIOSO;SECA;0;0;COLISION CON DOS O MAS VEHICULOS;0;1;0;1
31/8/2024;0;AU 25 DE MAYO;ASCENDENTE;9200;LLUVIOSO;SECA;0;0;COLISION CON DOS O MAS VEHICULOS;0;2;0;0
31/8/2024;1;TRANSICION RAMAL 3;RAMAL DE ENLACE;-;LLUVIOSO;SECA;0;0;COLISION CON DOS O MAS VEHICULOS;0;1;0;0
31/8/2024;10;AV. CANTILO;ASCENDENTE;10200;LLUVIOSO;SECA;0;0;COLISION CON OBSTACULO FIJO;0;1;0;0
1/9/2024;7;AU PERITO MORENO;ASCENDENTE;4800;BUENO;SECA;0;0;COLISION CON DOS O MAS VEHICULOS;0;1;0;1
1/9/2024;8;AU 25 DE MAYO;DESCENDENTE;7800;BUENO;SECA;0;0;COLISION CON DOS O MAS VEHICULOS;0;2;0;0
2/9/2024;7;AU FRONDIZI;DESCENDENTE;2100;BUENO;SECA;0;0;COLISION CON OBSTACULO FIJO;0;1;0;0
2/9/2024;10;PASEO DEL BAJO;ASCENDENTE;1500;BUENO;SECA;0;0;COLISION CON DOS O MAS VEHICULOS;0;0;0;2
2/9/2024;12;AU 25 DE MAYO;DESCENDENTE;4500;BUENO;SECA;0;0;COLISION CON DOS O MAS VEHICULOS;0;1;0;0
3/9/2024;9;AV. LUGONES;DESCENDENTE;8700;BUENO;SECA;0;1;COLISION CON DOS O MAS VEHICULOS;1;1;0;1
4/9/2024;12;AU DELLEPIANE;ASCENDENTE;2800;BUENO;SECA;2;0;COLISION CON DOS O MAS VEHICULOS;2;0;0;0
4/9/2024;14;AU DELLEPIANE;ASCENDENTE;1500;BUENO;SECA;0;0;COLISION CON DOS O MAS VEHICULOS;0;1;0;1
4/9/2024;14;AU DELLEPIANE;ASCENDENTE;2400;BUENO;SECA;0;0;COLISION CON OBSTACULO FIJO;0;1;0;0
5/9/2024;12;AU PERITO MORENO;DESCENDENTE;5100;BUENO;SECA;1;0;COLISION CON DOS O MAS VEHICULOS;1;1;0;0
5/9/2024;13;AU 25 DE MAYO;DESCENDENTE;3300;BUENO;SECA;1;0;COLISION CON DOS O MAS VEHICULOS;1;0;0;0
5/9/2024;18;AU 25 DE MAYO;DESCENDENTE;2300;BUENO;SECA;1;0;COLISION CON DOS O MAS VEHICULOS;1;1;0;0
5/9/2024;19;PASEO DEL BAJO;ASCENDENTE;4000;BUENO;SECA;1;0;SINIESTRO DE UN SOLO VEHICULO / SIN COLISION;2;0;0;0
6/9/2024;8;AV. LUGONES;DESCENDENTE;9000;BUENO;SECA;0;0;COLISION CON DOS O MAS VEHICULOS;0;2;0;1
6/9/2024;13;AU 25 DE MAYO;DESCENDENTE;1900;BUENO;SECA;0;0;COLISION CON OBSTACULO FIJO;0;1;0;0
7/9/2024;4;AU PERITO MORENO;DESCENDENTE;300;BUENO;SECA;0;0;COLISION CON DOS O MAS VEHICULOS;1;1;0;0
7/9/2024;13;AU PERITO MORENO;ASCENDENTE;5400;BUENO;SECA;0;0;COLISION CON OBSTACULO FIJO;0;0;0;1
8/9/2024;4;DIST. DELLEPIANE;RAMAL 7;-;BUENO;SECA;0;0;COLISION CON OBSTACULO FIJO;0;1;0;0
8/9/2024;5;AU FRONDIZI;DESCENDENTE;3000;BUENO;SECA;0;0;COLISION CON OBSTACULO FIJO;0;1;0;0
8/9/2024;5;AU 25 DE MAYO;DESCENDENTE;6900;BUENO;SECA;0;0;COLISION CON OBSTACULO FIJO;0;1;0;0
8/9/2024;12;AV. CANTILO;ASCENDENTE;9200;BUENO;SECA;1;0;COLISION CON DOS O MAS VEHICULOS;1;1;0;0
8/9/2024;18;PASEO DEL BAJO;ASCENDENTE;4300;BUENO;SECA;0;0;COLISION CON DOS O MAS VEHICULOS;0;2;0;0
9/9/2024;16;AU 25 DE MAYO;ASCENDENTE;3500;BUENO;SECA;0;0;COLISION CON DOS O MAS VEHICULOS;0;0;0;2
10/9/2024;13;AV. LUGONES;DESCENDENTE;10000;BUENO;SECA;0;0;OBSTACULO NO FIJO;1;1;0;0
10/9/2024;14;AU 25 DE MAYO;ASCENDENTE;5700;BUENO;SECA;1;0;COLISION CON DOS O MAS VEHICULOS;0;1;0;1
11/9/2024;16;AU 25 DE MAYO;DESCENDENTE;0;BUENO;SECA;0;0;COLISION CON DOS O MAS VEHICULOS;0;2;0;0
12/9/2024;17;AV. CANTILO;ASCENDENTE;9100;BUENO;SECA;1;0;COLISION CON DOS O MAS VEHICULOS;1;1;0;0
12/9/2024;19;AU FRONDIZI;DESCENDENTE;2300;BUENO;SECA;1;0;COLISION CON DOS O MAS VEHICULOS;1;1;0;0
13/9/2024;8;AU PERITO MORENO;DESCENDENTE;5400;BUENO;SECA;0;0;COLISION CON DOS O MAS VEHICULOS;0;2;0;0
13/9/2024;8;AU DELLEPIANE;ASCENDENTE;1000;BUENO;SECA;0;0;COLISION CON DOS O MAS VEHICULOS;0;2;0;0
13/9/2024;9;AU PERITO MORENO;ASCENDENTE;300;BUENO;SECA;0;0;COLISION CON DOS O MAS VEHICULOS;0;1;0;1
13/9/2024;16;AU ILLIA;ASCENDENTE;5100;BUENO;SECA;1;0;COLISION CON DOS O MAS VEHICULOS;1;1;0;0
13/9/2024;17;TRANSICION RAMAL 3;RAMAL DE ENLACE;-;BUENO;SECA;0;0;COLISION CON DOS O MAS VEHICULOS;0;1;0;0
14/9/2024;18;AU 25 DE MAYO;ASCENDENTE;900;BUENO;SECA;0;0;COLISION CON DOS O MAS VEHICULOS;0;2;0;0
16/9/2024;19;AU FRONDIZI;ASCENDENTE;3500;BUENO;SECA;0;0;COLISION CON DOS O MAS VEHICULOS;0;3;0;0
16/9/2024;19;AU 25 DE MAYO;DESCENDENTE;0;BUENO;SECA;0;0;COLISION CON DOS O MAS VEHICULOS;0;1;1;1
17/9/2024;11;AU PERITO MORENO;ASCENDENTE;5400;BUENO;SECA;0;0;COLISION CON DOS O MAS VEHICULOS;0;1;1;0
17/9/2024;15;AU ILLIA;ASCENDENTE;2800;BUENO;SECA;2;0;SINIESTRO DE UN SOLO VEHICULO / SIN COLISION;1;0;0;0
17/9/2024;17;AU 25 DE MAYO;DESCENDENTE;3400;BUENO;SECA;0;0;COLISION CON DOS O MAS VEHICULOS;0;2;0;0
17/9/2024;17;AU FRONDIZI;DESCENDENTE;1700;BUENO;SECA;1;0;COLISION CON DOS O MAS VEHICULOS;1;0;0;0
18/9/2024;9;PASEO DEL BAJO;DESCENDENTE;4400;BUENO;SECA;0;0;COLISION CON DOS O MAS VEHICULOS;0;0;1;2
18/9/2024;10;AU PERITO MORENO;ASCENDENTE;5400;BUENO;OTRA;0;0;SINIESTRO DE UN SOLO VEHICULO / SIN COLISION;1;0;0;0
18/9/2024;14;AV. LUGONES;DESCENDENTE;4600;BUENO;SECA;0;0;COLISION CON DOS O MAS VEHICULOS;0;2;0;0
18/9/2024;16;AU 25 DE MAYO;DESCENDENTE;200;BUENO;SECA;0;0;SINIESTRO DE UN SOLO VEHICULO / SIN COLISION;1;0;0;0
19/9/2024;11;PASEO DEL BAJO;DESCENDENTE;4400;BUENO;SECA;3;0;COLISION CON DOS O MAS VEHICULOS;0;0;0;3
19/9/2024;15;AU CAMPORA;DESCENDENTE;3500;BUENO;SECA;1;0;COLISION CON OBSTACULO FIJO;0;1;0;0
19/9/2024;17;AU FRONDIZI;ASCENDENTE;3400;BUENO;SECA;2;0;COLISION CON DOS O MAS VEHICULOS;0;3;0;0
22/9/2024;19;AU DELLEPIANE;ASCENDENTE;4300;BUENO;SECA;0;0;COLISION CON OBSTACULO FIJO;0;1;0;0
23/9/2024;12;AU FRONDIZI;ASCENDENTE;1500;BUENO;SECA;1;0;OBSTACULO NO FIJO;2;0;0;0
23/9/2024;16;AU 25 DE MAYO;DESCENDENTE;5900;BUENO;SECA;1;0;COLISION CON DOS O MAS VEHICULOS;1;0;0;0
24/9/2024;14;AU PERITO MORENO;ASCENDENTE;5300;BUENO;SECA;0;0;COLISION CON DOS O MAS VEHICULOS;1;1;0;0
25/9/2024;14;AU DELLEPIANE;DESCENDENTE;2100;BUENO;SECA;2;0;COLISION CON OBSTACULO FIJO;0;1;0;0
26/9/2024;9;AV. LUGONES;DESCENDENTE;9500;BUENO;SECA;0;0;COLISION CON DOS O MAS VEHICULOS;0;1;0;0
26/9/2024;9;AV. CANTILO;ASCENDENTE;7500;BUENO;SECA;0;0;COLISION CON DOS O MAS VEHICULOS;0;2;0;0
26/9/2024;11;AV. LUGONES;DESCENDENTE;9900;BUENO;SECA;0;0;COLISION CON DOS O MAS VEHICULOS;0;1;0;1
27/9/2024;14;AU 25 DE MAYO;ASCENDENTE;3500;BUENO;SECA;1;0;COLISION CON DOS O MAS VEHICULOS;1;1;0;0
30/9/2024;7;AU DELLEPIANE;DESCENDENTE;1000;BUENO;SECA;0;0;COLISION CON DOS O MAS VEHICULOS;0;2;0;0
30/9/2024;18;AU 25 DE MAYO;DESCENDENTE;1000;BUENO;SECA;0;1;COLISION CON OBSTACULO FIJO;1;0;0;0
2/10/2024;14;AU DELLEPIANE;ASCENDENTE;2700;BUENO;SECA;0;0;COLISION CON DOS O MAS VEHICULOS;0;1;0;0
2/10/2024;14;AU ILLIA;ASCENDENTE;3600;BUENO;SECA;0;0;COLISION CON DOS O MAS VEHICULOS;0;1;0;1
2/10/2024;14;DIST. 9 DE JULIO;RAMALES 1/1BIS;-;BUENO;SECA;1;0;COLISION CON OBSTACULO FIJO;0;0;0;1
3/10/2024;16;AU 25 DE MAYO;DESCENDENTE;5300;BUENO;SECA;1;0;SINIESTRO DE UN SOLO VEHICULO / SIN COLISION;1;1;0;0
3/10/2024;17;AU 25 DE MAYO;ASCENDENTE;9100;BUENO;SECA;1;0;COLISION CON DOS O MAS VEHICULOS;0;2;0;0
4/10/2024;10;AU ILLIA;DESCENDENTE;3300;BUENO;SECA;0;0;OBSTACULO NO FIJO;0;2;0;0
4/10/2024;13;AU CAMPORA;ASCENDENTE;1700;BUENO;SECA;0;0;COLISION CON DOS O MAS VEHICULOS;0;0;0;2
4/10/2024;14;PTE. SCALABRINI ORTIZ;-;-;BUENO;SECA;1;0;SINIESTRO DE UN SOLO VEHICULO / SIN COLISION;1;0;0;0
4/10/2024;20;AU DELLEPIANE;DESCENDENTE;4100;BUENO;SECA;0;0;COLISION CON DOS O MAS VEHICULOS;0;3;0;0
5/10/2024;12;AU PERITO MORENO;ASCENDENTE;400;BUENO;SECA;2;0;COLISION CON DOS O MAS VEHICULOS;1;0;0;1
5/10/2024;12;AU DELLEPIANE;DESCENDENTE;3100;BUENO;SECA;0;0;COLISION CON DOS O MAS VEHICULOS;1;1;0;0
6/10/2024;0;AU 25 DE MAYO;DESCENDENTE;2900;BUENO;SECA;3;0;COLISION CON DOS O MAS VEHICULOS;0;3;0;0
7/10/2024;6;AU PERITO MORENO;ASCENDENTE;3400;BUENO;SECA;1;0;COLISION CON DOS O MAS VEHICULOS;0;1;0;1
8/10/2024;8;AU FRONDIZI;ASCENDENTE;1200;BUENO;SECA;1;0;SINIESTRO DE UN SOLO VEHICULO / SIN COLISION;1;0;0;0
8/10/2024;11;AU 25 DE MAYO;DESCENDENTE;1200;BUENO;SECA;0;0;COLISION CON DOS O MAS VEHICULOS;0;2;0;0
8/10/2024;16;AV. CANTILO;ASCENDENTE;10100;BUENO;SECA;1;0;SINIESTRO DE UN SOLO VEHICULO / SIN COLISION;1;0;0;0
9/10/2024;10;AU DELLEPIANE;DESCENDENTE;3000;BUENO;SECA;0;1;COLISION CON DOS O MAS VEHICULOS;1;0;0;0
9/10/2024;19;AU PERITO MORENO;DESCENDENTE;500;BUENO;SECA;0;0;COLISION CON DOS O MAS VEHICULOS;0;3;0;0
10/10/2024;12;AV. CANTILO;ASCENDENTE;10000;BUENO;SECA;0;0;COLISION CON DOS O MAS VEHICULOS;0;1;0;0
10/10/2024;15;AU 25 DE MAYO;DESCENDENTE;4600;BUENO;SECA;0;0;COLISION CON DOS O MAS VEHICULOS;0;2;0;0
10/10/2024;15;AU DELLEPIANE;DESCENDENTE;2600;BUENO;SECA;0;0;COLISION CON DOS O MAS VEHICULOS;0;2;0;0
10/10/2024;16;AU PERITO MORENO;DESCENDENTE;4200;BUENO;SECA;0;0;COLISION CON OBSTACULO FIJO;0;1;0;0
11/10/2024;7;AU 25 DE MAYO;DESCENDENTE;1900;BUENO;SECA;0;0;COLISION CON OBSTACULO FIJO;1;0;0;0
12/10/2024;3;AU DELLEPIANE;ASCENDENTE;1000;LLUVIOSO;SECA;0;0;COLISION CON DOS O MAS VEHICULOS;1;1;0;0
13/10/2024;23;AU FRONDIZI;DESCENDENTE;100;BUENO;SECA;0;0;COLISION CON DOS O MAS VEHICULOS;0;2;0;0
14/10/2024;4;AU 25 DE MAYO;DESCENDENTE;0;BUENO;SECA;1;0;COLISION CON OBSTACULO FIJO;0;1;0;0
14/10/2024;13;AU PERITO MORENO;ASCENDENTE;5400;BUENO;SECA;0;0;COLISION CON DOS O MAS VEHICULOS;0;2;0;0
14/10/2024;19;DIST. UDAONDO;-;-;LLUVIOSO;SECA;4;0;COLISION CON DOS O MAS VEHICULOS;0;2;0;0
15/10/2024;11;AU DELLEPIANE;DESCENDENTE;4600;BUENO;SECA;0;0;COLISION CON OBSTACULO FIJO;0;0;0;1
15/10/2024;14;AU FRONDIZI;DESCENDENTE;2200;BUENO;SECA;0;0;COLISION CON DOS O MAS VEHICULOS;1;1;0;0
15/10/2024;15;AU 25 DE MAYO;DESCENDENTE;5700;BUENO;SECA;0;0;COLISION CON DOS O MAS VEHICULOS;0;2;0;0
15/10/2024;18;AU 25 DE MAYO;ASCENDENTE;700;BUENO;SECA;0;0;COLISION CON DOS O MAS VEHICULOS;0;1;0;1
15/10/2024;23;AU FRONDIZI;DESCENDENTE;3000;BUENO;SECA;1;0;SINIESTRO DE UN SOLO VEHICULO / SIN COLISION;1;0;0;0
16/10/2024;7;AU DELLEPIANE;ASCENDENTE;2000;BUENO;SECA;1;0;COLISION CON DOS O MAS VEHICULOS;1;1;0;0
16/10/2024;8;AU PERITO MORENO;ASCENDENTE;5600;BUENO;SECA;1;0;COLISION CON DOS O MAS VEHICULOS;1;1;0;0
17/10/2024;7;AU 25 DE MAYO;ASCENDENTE;3500;BUENO;SECA;1;0;OBSTACULO NO FIJO;1;1;0;0
17/10/2024;16;AV. LUGONES;DESCENDENTE;10000;BUENO;SECA;1;0;SINIESTRO DE UN SOLO VEHICULO / SIN COLISION;1;0;0;0
17/10/2024;23;AU FRONDIZI;DESCENDENTE;1500;BUENO;SECA;1;0;COLISION CON DOS O MAS VEHICULOS;0;3;0;0
18/10/2024;15;AU DELLEPIANE;ASCENDENTE;3600;BUENO;SECA;0;0;COLISION CON DOS O MAS VEHICULOS;0;2;0;1
19/10/2024;9;AU DELLEPIANE;ASCENDENTE;4300;BUENO;SECA;0;0;COLISION CON OBSTACULO FIJO;0;1;0;0
19/10/2024;15;DIST. DELLEPIANE;RAMAL 5;-;BUENO;SECA;0;0;COLISION CON OBSTACULO FIJO;1;0;0;0
19/10/2024;19;AU ILLIA;ASCENDENTE;6500;BUENO;SECA;1;0;COLISION CON DOS O MAS VEHICULOS;0;1;1;0
20/10/2024;3;AV. LUGONES;DESCENDENTE;9500;BUENO;SECA;0;0;COLISION CON OBSTACULO FIJO;0;1;0;0
20/10/2024;7;AU ILLIA;DESCENDENTE;4200;BUENO;SECA;0;0;COLISION CON DOS O MAS VEHICULOS;0;2;0;0
20/10/2024;17;AU ILLIA;ASCENDENTE;3700;BUENO;SECA;0;0;COLISION CON DOS O MAS VEHICULOS;0;2;0;0
20/10/2024;20;AV. LUGONES;DESCENDENTE;6000;BUENO;SECA;0;0;COLISION CON DOS O MAS VEHICULOS;1;1;0;0
21/10/2024;17;AV. LUGONES;DESCENDENTE;4500;BUENO;SECA;0;0;COLISION CON DOS O MAS VEHICULOS;0;2;0;0
22/10/2024;9;AV. LUGONES;DESCENDENTE;9900;BUENO;SECA;0;0;COLISION CON DOS O MAS VEHICULOS;0;3;0;0
22/10/2024;17;AU PERITO MORENO;DESCENDENTE;200;BUENO;SECA;0;0;COLISION CON DOS O MAS VEHICULOS;0;1;0;2
23/10/2024;8;AU CAMPORA;ASCENDENTE;500;BUENO;SECA;0;0;COLISION CON DOS O MAS VEHICULOS;1;1;0;0
23/10/2024;14;AU DELLEPIANE;ASCENDENTE;3400;LLUVIOSO;MOJADA/HUMEDA;0;0;COLISION CON DOS O MAS VEHICULOS;0;1;0;1
23/10/2024;16;AU PERITO MORENO;ASCENDENTE;5300;BUENO;MOJADA/HUMEDA;0;0;COLISION CON DOS O MAS VEHICULOS;0;0;0;2
24/10/2024;16;AU 25 DE MAYO;DESCENDENTE;8600;LLUVIOSO;MOJADA/HUMEDA;0;0;COLISION CON DOS O MAS VEHICULOS;0;2;0;0
25/10/2024;12;AU DELLEPIANE;DESCENDENTE;4300;BUENO;SECA;0;0;COLISION CON DOS O MAS VEHICULOS;1;1;0;0
25/10/2024;13;AU CAMPORA;DESCENDENTE;1500;BUENO;SECA;0;0;COLISION CON OBSTACULO FIJO;0;0;0;1
25/10/2024;15;AU FRONDIZI;DESCENDENTE;300;LLUVIOSO;MOJADA/HUMEDA;1;0;COLISION CON DOS O MAS VEHICULOS;0;3;0;0
25/10/2024;18;AU DELLEPIANE;DESCENDENTE;500;BUENO;SECA;0;0;COLISION CON DOS O MAS VEHICULOS;1;0;1;0
26/10/2024;1;AU DELLEPIANE;ASCENDENTE;4300;BUENO;SECA;0;0;COLISION CON OBSTACULO FIJO;0;1;0;0
26/10/2024;4;AU 25 DE MAYO;DESCENDENTE;1200;BUENO;SECA;0;0;COLISION CON OBSTACULO FIJO;0;1;0;0
26/10/2024;12;AU DELLEPIANE;DESCENDENTE;2400;BUENO;SECA;0;0;COLISION CON DOS O MAS VEHICULOS;1;1;0;0
26/10/2024;14;AU PERITO MORENO;DESCENDENTE;4600;BUENO;SECA;0;0;COLISION CON DOS O MAS VEHICULOS;0;1;0;1
27/10/2024;6;AV. CANTILO;ASCENDENTE;8600;BUENO;SECA;0;0;COLISION CON DOS O MAS VEHICULOS;0;2;0;0
28/10/2024;10;AU 25 DE MAYO;ASCENDENTE;4700;BUENO;SECA;0;0;COLISION CON DOS O MAS VEHICULOS;0;1;0;0
28/10/2024;13;AU DELLEPIANE;DESCENDENTE;2700;BUENO;SECA;1;0;COLISION CON DOS O MAS VEHICULOS;1;0;0;1
28/10/2024;17;AV. LUGONES;DESCENDENTE;8200;BUENO;SECA;0;0;COLISION CON DOS O MAS VEHICULOS;0;2;0;0
29/10/2024;2;AU DELLEPIANE;ASCENDENTE;700;BUENO;SECA;0;0;COLISION CON DOS O MAS VEHICULOS;0;1;0;1
29/10/2024;11;AU PERITO MORENO;ASCENDENTE;4800;BUENO;SECA;0;0;COLISION CON OBSTACULO FIJO;0;1;0;0
29/10/2024;11;AV. LUGONES;DESCENDENTE;6000;BUENO;SECA;2;0;COLISION CON DOS O MAS VEHICULOS;1;0;0;0
29/10/2024;12;AV. LUGONES;DESCENDENTE;6500;BUENO;SECA;0;0;COLISION CON DOS O MAS VEHICULOS;0;2;0;0
30/10/2024;10;AU DELLEPIANE;DESCENDENTE;3100;BUENO;SECA;1;0;COLISION CON DOS O MAS VEHICULOS;1;1;0;0
30/10/2024;11;AU DELLEPIANE;DESCENDENTE;4100;BUENO;SECA;0;0;COLISION CON DOS O MAS VEHICULOS;0;1;0;1
31/10/2024;7;AU PERITO MORENO;ASCENDENTE;100;BUENO;SECA;1;0;COLISION CON DOS O MAS VEHICULOS;1;1;0;0
31/10/2024;8;AU 25 DE MAYO;DESCENDENTE;5800;BUENO;SECA;2;0;SINIESTRO DE UN SOLO VEHICULO / SIN COLISION;1;0;0;0
31/10/2024;8;AU DELLEPIANE;ASCENDENTE;200;BUENO;SECA;1;0;SINIESTRO DE UN SOLO VEHICULO / SIN COLISION;1;0;0;0
31/10/2024;15;PASEO DEL BAJO;DESCENDENTE;6300;BUENO;SECA;1;0;OTRO;0;0;0;1
31/10/2024;22;AU DELLEPIANE;DESCENDENTE;4100;BUENO;SECA;0;0;COLISION CON DOS O MAS VEHICULOS;0;1;0;1
1/11/2024;14;AV. CANTILO;ASCENDENTE;9000;BUENO;SECA;0;0;COLISION CON DOS O MAS VEHICULOS;0;3;0;1
1/11/2024;18;AU PERITO MORENO;DESCENDENTE;2300;BUENO;SECA;2;0;COLISION CON DOS O MAS VEHICULOS;0;2;0;0
1/11/2024;19;AU DELLEPIANE;DESCENDENTE;1600;BUENO;SECA;0;0;SINIESTRO DE UN SOLO VEHICULO / SIN COLISION;1;0;0;0
2/11/2024;2;DIST. DELLEPIANE;RAMAL 5;-;BUENO;SECA;1;0;COLISION CON OBSTACULO FIJO;0;1;0;0
3/11/2024;6;AV. CANTILO;ASCENDENTE;9700;BUENO;SECA;0;0;COLISION CON DOS O MAS VEHICULOS;0;1;0;0
3/11/2024;13;AU DELLEPIANE;DESCENDENTE;2600;BUENO;SECA;1;0;COLISION CON DOS O MAS VEHICULOS;0;1;0;1
4/11/2024;13;AU DELLEPIANE;ASCENDENTE;3800;LLUVIOSO;MOJADA/HUMEDA;1;0;COLISION CON DOS O MAS VEHICULOS;0;2;0;0
4/11/2024;15;AU DELLEPIANE;DESCENDENTE;4000;LLUVIOSO;MOJADA/HUMEDA;0;0;COLISION CON DOS O MAS VEHICULOS;0;2;0;1
4/11/2024;16;AU DELLEPIANE;DESCENDENTE;2000;BUENO;MOJADA/HUMEDA;0;0;COLISION CON DOS O MAS VEHICULOS;0;2;0;0
5/11/2024;8;AU PERITO MORENO;ASCENDENTE;300;BUENO;SECA;1;0;COLISION CON DOS O MAS VEHICULOS;1;0;0;0
6/11/2024;8;AU 25 DE MAYO;ASCENDENTE;4400;BUENO;SECA;1;0;COLISION CON DOS O MAS VEHICULOS;1;1;0;0
6/11/2024;10;AU 25 DE MAYO;ASCENDENTE;1000;BUENO;SECA;0;0;COLISION CON DOS O MAS VEHICULOS;0;1;0;0
6/11/2024;17;AU DELLEPIANE;DESCENDENTE;4500;BUENO;SECA;0;0;COLISION CON OBSTACULO FIJO;0;1;0;0
6/11/2024;18;AU 25 DE MAYO;DESCENDENTE;3400;BUENO;SECA;1;0;COLISION CON DOS O MAS VEHICULOS;2;0;0;0
6/11/2024;21;AV. LUGONES;DESCENDENTE;10200;BUENO;SECA;1;0;OBSTACULO NO FIJO;1;1;0;0
7/11/2024;7;AV. LUGONES;DESCENDENTE;6000;BUENO;SECA;1;0;COLISION CON DOS O MAS VEHICULOS;1;1;0;0
8/11/2024;1;AV. CANTILO;ASCENDENTE;7800;BUENO;SECA;0;0;COLISION CON DOS O MAS VEHICULOS;0;1;0;0
8/11/2024;9;AU 25 DE MAYO;ASCENDENTE;900;BUENO;SECA;1;0;SINIESTRO DE UN SOLO VEHICULO / SIN COLISION;1;0;0;0
8/11/2024;15;AU FRONDIZI;ASCENDENTE;1400;BUENO;SECA;0;0;COLISION CON OBSTACULO FIJO;1;1;0;0
8/11/2024;22;AU 25 DE MAYO;DESCENDENTE;3000;BUENO;SECA;0;0;SINIESTRO DE UN SOLO VEHICULO / SIN COLISION;1;0;0;0
9/11/2024;13;AV. LUGONES;DESCENDENTE;8600;BUENO;SECA;0;0;COLISION CON DOS O MAS VEHICULOS;0;1;0;0
9/11/2024;19;DIST. DELLEPIANE;RAMAL 11;-;BUENO;SECA;0;0;COLISION CON DOS O MAS VEHICULOS;0;2;0;0
11/11/2024;7;AV. LUGONES;DESCENDENTE;10000;BUENO;SECA;1;0;COLISION CON DOS O MAS VEHICULOS;0;2;0;0
11/11/2024;18;AU ILLIA;ASCENDENTE;5500;BUENO;SECA;1;0;OBSTACULO NO FIJO;1;1;0;0
12/11/2024;9;AU DELLEPIANE;ASCENDENTE;3100;BUENO;SECA;0;0;COLISION CON DOS O MAS VEHICULOS;0;1;0;1
12/11/2024;13;AU 25 DE MAYO;DESCENDENTE;8100;BUENO;SECA;1;0;COLISION CON DOS O MAS VEHICULOS;1;0;0;0
12/11/2024;13;AV. CANTILO;ASCENDENTE;8700;BUENO;SECA;0;0;COLISION CON DOS O MAS VEHICULOS;0;1;0;0
12/11/2024;16;AU DELLEPIANE;DESCENDENTE;2200;BUENO;SECA;2;0;COLISION CON DOS O MAS VEHICULOS;1;1;0;0
12/11/2024;17;AU 25 DE MAYO;DESCENDENTE;4200;BUENO;SECA;1;0;COLISION CON DOS O MAS VEHICULOS;2;0;0;0
13/11/2024;9;AU FRONDIZI;ASCENDENTE;1400;BUENO;SECA;0;0;COLISION CON DOS O MAS VEHICULOS;1;0;0;0
13/11/2024;10;AU DELLEPIANE;ASCENDENTE;2100;BUENO;SECA;0;0;COLISION CON DOS O MAS VEHICULOS;1;1;0;0
13/11/2024;18;AU ILLIA;ASCENDENTE;2200;BUENO;SECA;1;0;COLISION CON DOS O MAS VEHICULOS;1;1;0;0
14/11/2024;10;AU PERITO MORENO;DESCENDENTE;3000;BUENO;SECA;0;0;COLISION CON DOS O MAS VEHICULOS;0;2;0;0
14/11/2024;14;AU DELLEPIANE;ASCENDENTE;100;BUENO;SECA;2;0;SINIESTRO DE UN SOLO VEHICULO / SIN COLISION;1;0;0;0
15/11/2024;14;AU DELLEPIANE;DESCENDENTE;2500;BUENO;SECA;0;0;COLISION CON DOS O MAS VEHICULOS;0;2;0;0
15/11/2024;16;AU DELLEPIANE;DESCENDENTE;3800;BUENO;SECA;0;0;COLISION CON DOS O MAS VEHICULOS;0;1;0;1
15/11/2024;17;AV. LUGONES;DESCENDENTE;8500;BUENO;SECA;0;0;COLISION CON DOS O MAS VEHICULOS;0;2;0;0
15/11/2024;17;AU 25 DE MAYO;DESCENDENTE;800;BUENO;SECA;1;0;SINIESTRO DE UN SOLO VEHICULO / SIN COLISION;1;0;0;0
16/11/2024;7;AU ILLIA;ASCENDENTE;3500;BUENO;SECA;1;0;COLISION CON DOS O MAS VEHICULOS;1;2;0;1
16/11/2024;13;AU DELLEPIANE;DESCENDENTE;4600;BUENO;SECA;1;0;COLISION CON DOS O MAS VEHICULOS;1;1;0;0
17/11/2024;4;AU CAMPORA;ASCENDENTE;1200;BUENO;SECA;2;0;COLISION CON DOS O MAS VEHICULOS;0;2;0;0
17/11/2024;6;PASEO DEL BAJO;ASCENDENTE;500;BUENO;SECA;1;0;SINIESTRO DE UN SOLO VEHICULO / SIN COLISION;1;0;0;0
19/11/2024;8;AU DELLEPIANE;ASCENDENTE;900;BUENO;SECA;0;0;COLISION CON DOS O MAS VEHICULOS;0;3;0;0
20/11/2024;8;AU 25 DE MAYO;DESCENDENTE;8200;BUENO;SECA;1;0;COLISION CON DOS O MAS VEHICULOS;1;1;0;0
20/11/2024;13;AV. LUGONES;DESCENDENTE;9500;BUENO;SECA;0;0;COLISION CON DOS O MAS VEHICULOS;0;2;0;0
20/11/2024;15;AU DELLEPIANE;DESCENDENTE;1600;BUENO;SECA;1;0;COLISION CON DOS O MAS VEHICULOS;1;1;0;0
21/11/2024;7;AU DELLEPIANE;ASCENDENTE;900;BUENO;SECA;0;0;COLISION CON DOS O MAS VEHICULOS;0;2;0;0
21/11/2024;17;AU 25 DE MAYO;DESCENDENTE;6000;BUENO;SECA;1;0;COLISION CON DOS O MAS VEHICULOS;1;1;0;0
21/11/2024;18;AU DELLEPIANE;DESCENDENTE;1900;BUENO;SECA;0;0;COLISION CON DOS O MAS VEHICULOS;0;1;0;1
22/11/2024;9;AU DELLEPIANE;ASCENDENTE;2800;BUENO;SECA;1;0;COLISION CON DOS O MAS VEHICULOS;1;2;0;0
22/11/2024;10;AV. CANTILO;ASCENDENTE;9100;BUENO;SECA;0;0;COLISION CON DOS O MAS VEHICULOS;0;1;0;1
22/11/2024;16;AU 25 DE MAYO;DESCENDENTE;6400;BUENO;SECA;1;0;COLISION CON DOS O MAS VEHICULOS;1;1;0;1
22/11/2024;18;AV. LUGONES;DESCENDENTE;7000;BUENO;SECA;0;0;COLISION CON DOS O MAS VEHICULOS;0;2;0;0
23/11/2024;11;AU FRONDIZI;DESCENDENTE;2300;BUENO;SECA;5;0;COLISION CON OBSTACULO FIJO;0;1;0;0
23/11/2024;13;AU 25 DE MAYO;DESCENDENTE;6800;BUENO;SECA;0;0;COLISION CON DOS O MAS VEHICULOS;0;2;0;0
24/11/2024;5;AU ILLIA;DESCENDENTE;900;BUENO;SECA;1;0;COLISION CON OBSTACULO FIJO;0;1;0;0
24/11/2024;17;AU 25 DE MAYO;ASCENDENTE;5000;BUENO;SECA;0;0;COLISION CON OBSTACULO FIJO;0;2;0;0
24/11/2024;22;AU CAMPORA;ASCENDENTE;700;LLUVIOSO;MOJADA/HUMEDA;0;0;COLISION CON OBSTACULO FIJO;0;1;0;0
24/11/2024;23;AU ILLIA;ASCENDENTE;900;BUENO;MOJADA/HUMEDA;2;0;COLISION CON OBSTACULO FIJO;0;2;0;0
26/11/2024;13;AU 25 DE MAYO;DESCENDENTE;9200;BUENO;SECA;0;0;COLISION CON OBSTACULO FIJO;0;1;0;0
27/11/2024;8;AU DELLEPIANE;DESCENDENTE;3400;LLUVIOSO;MOJADA/HUMEDA;0;0;COLISION CON DOS O MAS VEHICULOS;0;1;0;1
27/11/2024;18;AV. LUGONES;DESCENDENTE;5300;BUENO;SECA;0;0;OBSTACULO NO FIJO;0;2;0;0
28/11/2024;2;AU 25 DE MAYO;DESCENDENTE;2800;BUENO;MOJADA/HUMEDA;0;0;COLISION CON DOS O MAS VEHICULOS;0;2;0;0
28/11/2024;6;AV. LUGONES;DESCENDENTE;10300;BUENO;SECA;0;0;COLISION CON DOS O MAS VEHICULOS;1;1;0;0
29/11/2024;16;AU DELLEPIANE;ASCENDENTE;2000;BUENO;SECA;2;0;COLISION CON DOS O MAS VEHICULOS;0;7;1;0
29/11/2024;17;AU 25 DE MAYO;DESCENDENTE;5300;BUENO;SECA;0;0;COLISION CON DOS O MAS VEHICULOS;0;2;0;2
29/11/2024;21;AU FRONDIZI;DESCENDENTE;2000;BUENO;SECA;1;0;COLISION CON DOS O MAS VEHICULOS;1;0;0;0
30/11/2024;16;AU 25 DE MAYO;ASCENDENTE;4400;BUENO;SECA;2;0;SINIESTRO DE UN SOLO VEHICULO / SIN COLISION;1;0;0;0
30/11/2024;18;AU PERITO MORENO;DESCENDENTE;4900;BUENO;SECA;0;0;COLISION CON DOS O MAS VEHICULOS;1;1;0;0
30/11/2024;21;AU DELLEPIANE;DESCENDENTE;3500;BUENO;SECA;2;0;COLISION CON DOS O MAS VEHICULOS;1;0;0;0
1/12/2024;12;AV. LUGONES;DESCENDENTE;10300;LLUVIOSO;MOJADA/HUMEDA;0;0;OTRO;0;1;0;0
2/12/2024;5;AU PERITO MORENO;ASCENDENTE;1700;BUENO;SECA;2;0;SINIESTRO DE UN SOLO VEHICULO / SIN COLISION;1;0;0;0
2/12/2024;6;AU PERITO MORENO;DESCENDENTE;200;BUENO;SECA;0;0;COLISION CON OBSTACULO FIJO;0;0;0;1
2/12/2024;7;AU FRONDIZI;ASCENDENTE;2300;BUENO;SECA;1;0;COLISION CON DOS O MAS VEHICULOS;2;0;0;0
2/12/2024;7;AU 25 DE MAYO;DESCENDENTE;9000;BUENO;SECA;0;0;SINIESTRO DE UN SOLO VEHICULO / SIN COLISION;1;0;0;0
2/12/2024;7;AU FRONDIZI;ASCENDENTE;500;BUENO;SECA;0;0;COLISION CON DOS O MAS VEHICULOS;1;0;0;0
2/12/2024;8;AU PERITO MORENO;ASCENDENTE;5500;BUENO;SECA;0;0;COLISION CON DOS O MAS VEHICULOS;1;1;0;0
2/12/2024;10;AU 25 DE MAYO;ASCENDENTE;600;BUENO;SECA;0;0;COLISION CON DOS O MAS VEHICULOS;0;1;0;1
3/12/2024;8;AU FRONDIZI;ASCENDENTE;900;BUENO;SECA;1;0;SINIESTRO DE UN SOLO VEHICULO / SIN COLISION;1;0;0;0
3/12/2024;19;AV. CANTILO;ASCENDENTE;7600;BUENO;SECA;1;0;COLISION CON DOS O MAS VEHICULOS;1;1;0;1
4/12/2024;7;AU CAMPORA;DESCENDENTE;300;BUENO;SECA;1;0;SINIESTRO DE UN SOLO VEHICULO / SIN COLISION;1;0;0;0
4/12/2024;7;AV. LUGONES;DESCENDENTE;6500;BUENO;SECA;0;0;COLISION CON DOS O MAS VEHICULOS;0;1;0;0
4/12/2024;10;AU 25 DE MAYO;ASCENDENTE;6000;BUENO;SECA;2;0;COLISION CON DOS O MAS VEHICULOS;2;2;0;0
4/12/2024;11;AU DELLEPIANE;DESCENDENTE;2500;BUENO;SECA;0;0;COLISION CON DOS O MAS VEHICULOS;1;1;0;0
4/12/2024;12;AU ILLIA;ASCENDENTE;5300;BUENO;SECA;1;0;COLISION CON OBSTACULO FIJO;0;1;0;0
4/12/2024;16;AU 25 DE MAYO;ASCENDENTE;9000;BUENO;SECA;0;0;COLISION CON DOS O MAS VEHICULOS;0;2;0;0
4/12/2024;17;AU 25 DE MAYO;DESCENDENTE;7900;BUENO;SECA;0;0;COLISION CON DOS O MAS VEHICULOS;0;2;0;1
5/12/2024;11;AU 25 DE MAYO;ASCENDENTE;9000;BUENO;SECA;0;0;COLISION CON DOS O MAS VEHICULOS;0;1;0;1
5/12/2024;15;AV. LUGONES;DESCENDENTE;8700;BUENO;SECA;2;0;COLISION CON DOS O MAS VEHICULOS;0;4;0;0
5/12/2024;17;AV. CANTILO;ASCENDENTE;9400;BUENO;SECA;0;0;COLISION CON DOS O MAS VEHICULOS;0;1;0;1
5/12/2024;19;AV. CANTILO;ASCENDENTE;9000;BUENO;SECA;1;0;SINIESTRO DE UN SOLO VEHICULO / SIN COLISION;1;0;0;0
5/12/2024;20;AU 25 DE MAYO;DESCENDENTE;2500;BUENO;SECA;0;0;COLISION CON DOS O MAS VEHICULOS;0;1;0;1
6/12/2024;9;AV. CANTILO;ASCENDENTE;10000;BUENO;SECA;1;0;COLISION CON OBSTACULO FIJO;0;1;0;0
6/12/2024;13;AV. LUGONES;DESCENDENTE;8200;BUENO;SECA;1;0;COLISION CON DOS O MAS VEHICULOS;1;1;0;0
7/12/2024;12;AU 25 DE MAYO;DESCENDENTE;2800;BUENO;SECA;0;0;COLISION CON DOS O MAS VEHICULOS;0;2;0;0
8/12/2024;13;AU 25 DE MAYO;ASCENDENTE;9000;BUENO;SECA;0;0;COLISION CON DOS O MAS VEHICULOS;0;1;0;1
8/12/2024;14;AU DELLEPIANE;ASCENDENTE;1800;BUENO;SECA;0;0;COLISION CON DOS O MAS VEHICULOS;0;2;0;0
9/12/2024;7;AU FRONDIZI;ASCENDENTE;2300;BUENO;SECA;1;0;COLISION CON DOS O MAS VEHICULOS;1;1;0;0
9/12/2024;17;AV. LUGONES;DESCENDENTE;4200;BUENO;SECA;1;0;COLISION CON DOS O MAS VEHICULOS;1;1;0;0
10/12/2024;17;AU 25 DE MAYO;DESCENDENTE;9200;BUENO;SECA;1;0;COLISION CON DOS O MAS VEHICULOS;1;1;0;0
10/12/2024;19;AU 25 DE MAYO;DESCENDENTE;7700;BUENO;SECA;0;0;COLISION CON OBSTACULO FIJO;0;1;0;0
11/12/2024;18;AV. LUGONES;DESCENDENTE;9200;BUENO;SECA;1;0;COLISION CON DOS O MAS VEHICULOS;0;3;0;0
12/12/2024;7;AU PERITO MORENO;ASCENDENTE;3800;BUENO;SECA;1;0;COLISION CON DOS O MAS VEHICULOS;1;1;0;0
12/12/2024;15;TRANSICION RAMAL 4;RAMAL DE INGRESO;-;BUENO;SECA;0;0;COLISION CON DOS O MAS VEHICULOS;0;3;0;0
12/12/2024;15;AU 25 DE MAYO;ASCENDENTE;6900;BUENO;SECA;0;0;COLISION CON DOS O MAS VEHICULOS;1;1;0;0
12/12/2024;15;AU DELLEPIANE;ASCENDENTE;3800;BUENO;SECA;1;0;COLISION CON DOS O MAS VEHICULOS;1;2;0;0
13/12/2024;6;AU DELLEPIANE;ASCENDENTE;2700;BUENO;SECA;1;0;COLISION CON DOS O MAS VEHICULOS;1;1;0;0
13/12/2024;15;AU 25 DE MAYO;DESCENDENTE;1000;BUENO;SECA;0;0;SINIESTRO DE UN SOLO VEHICULO / SIN COLISION;1;0;0;0
13/12/2024;19;AV. LUGONES;DESCENDENTE;9900;BUENO;SECA;0;0;COLISION CON DOS O MAS VEHICULOS;0;2;0;0
14/12/2024;6;AU FRONDIZI;ASCENDENTE;1400;BUENO;SECA;2;0;COLISION CON OBSTACULO FIJO;0;1;0;0
14/12/2024;9;DIST. 9 DE JULIO;RAMAL 3;-;BUENO;SECA;0;0;COLISION CON OBSTACULO FIJO;1;0;0;0
15/12/2024;5;AU 25 DE MAYO;ASCENDENTE;3700;BUENO;SECA;1;0;COLISION CON OBSTACULO FIJO;1;0;0;0
15/12/2024;6;TRANSICION RAMAL 2;RAMAL DE ENLACE;-;BUENO;SECA;0;0;COLISION CON DOS O MAS VEHICULOS;0;2;0;0
15/12/2024;7;AV. CANTILO;ASCENDENTE;10300;BUENO;SECA;0;0;COLISION CON OBSTACULO FIJO;0;1;0;0
16/12/2024;12;AU DELLEPIANE;ASCENDENTE;2900;BUENO;SECA;0;0;COLISION CON DOS O MAS VEHICULOS;0;1;0;0
16/12/2024;13;AU DELLEPIANE;ASCENDENTE;2900;BUENO;SECA;0;0;COLISION CON DOS O MAS VEHICULOS;0;4;0;0
16/12/2024;17;PASEO DEL BAJO;DESCENDENTE;6500;BUENO;SECA;0;0;COLISION CON OBSTACULO FIJO;0;0;0;1
17/12/2024;7;AU PERITO MORENO;ASCENDENTE;5400;BUENO;SECA;0;0;COLISION CON DOS O MAS VEHICULOS;0;3;0;0
17/12/2024;10;AU DELLEPIANE;ASCENDENTE;2000;BUENO;SECA;0;0;COLISION CON DOS O MAS VEHICULOS;0;2;0;0
17/12/2024;13;AU DELLEPIANE;ASCENDENTE;1500;BUENO;SECA;2;0;COLISION CON DOS O MAS VEHICULOS;1;1;0;0
17/12/2024;15;AU 25 DE MAYO;ASCENDENTE;800;BUENO;SECA;1;0;SINIESTRO DE UN SOLO VEHICULO / SIN COLISION;1;0;0;0
17/12/2024;18;AU PERITO MORENO;ASCENDENTE;5400;BUENO;SECA;0;0;COLISION CON OBSTACULO FIJO;0;0;0;1
17/12/2024;20;AU PERITO MORENO;DESCENDENTE;3300;BUENO;SECA;0;0;COLISION CON DOS O MAS VEHICULOS;1;1;0;0
18/12/2024;13;TRANSICION RAMAL 3;RAMAL DE ENLACE;-;BUENO;SECA;0;0;COLISION CON DOS O MAS VEHICULOS;1;0;0;0
18/12/2024;13;AU DELLEPIANE;ASCENDENTE;2500;BUENO;SECA;0;0;COLISION CON DOS O MAS VEHICULOS;0;1;0;0
18/12/2024;17;AU 25 DE MAYO;DESCENDENTE;7100;BUENO;SECA;1;0;COLISION CON DOS O MAS VEHICULOS;1;1;0;0
18/12/2024;19;AU FRONDIZI;DESCENDENTE;1500;BUENO;SECA;3;0;COLISION CON DOS O MAS VEHICULOS;0;3;0;0
19/12/2024;0;AV. LUGONES;DESCENDENTE;10300;BUENO;MOJADA/HUMEDA;1;0;COLISION CON OBSTACULO FIJO;0;1;0;0
19/12/2024;4;AV. LUGONES;DESCENDENTE;10300;LLUVIOSO;MOJADA/HUMEDA;0;0;COLISION CON OBSTACULO FIJO;0;1;0;0
19/12/2024;10;AU DELLEPIANE;ASCENDENTE;2500;BUENO;SECA;0;0;COLISION CON DOS O MAS VEHICULOS;0;2;0;0
19/12/2024;14;AV. CANTILO;ASCENDENTE;7800;BUENO;SECA;1;0;COLISION CON DOS O MAS VEHICULOS;1;0;0;1
19/12/2024;15;AU 25 DE MAYO;ASCENDENTE;6700;BUENO;SECA;2;0;COLISION CON DOS O MAS VEHICULOS;0;2;0;0
19/12/2024;16;AV. LUGONES;DESCENDENTE;6500;BUENO;SECA;1;0;OBSTACULO NO FIJO;1;0;0;1
19/12/2024;19;AU 25 DE MAYO;DESCENDENTE;4000;BUENO;SECA;0;0;OBSTACULO NO FIJO;1;1;0;0
20/12/2024;12;AU PERITO MORENO;ASCENDENTE;5400;BUENO;SECA;0;0;COLISION CON OBSTACULO FIJO;0;0;0;1
20/12/2024;20;PASEO DEL BAJO;DESCENDENTE;6500;BUENO;SECA;1;0;COLISION CON DOS O MAS VEHICULOS;0;1;0;1
21/12/2024;1;AU 25 DE MAYO;DESCENDENTE;900;BUENO;SECA;0;0;COLISION CON DOS O MAS VEHICULOS;0;3;0;0
21/12/2024;11;AU ILLIA;DESCENDENTE;2800;BUENO;SECA;0;0;COLISION CON DOS O MAS VEHICULOS;1;1;0;0
21/12/2024;11;AU DELLEPIANE;ASCENDENTE;2400;BUENO;SECA;1;0;COLISION CON DOS O MAS VEHICULOS;1;1;0;0
21/12/2024;20;AU 25 DE MAYO;ASCENDENTE;600;BUENO;SECA;0;0;COLISION CON DOS O MAS VEHICULOS;0;1;0;0
22/12/2024;3;AU DELLEPIANE;ASCENDENTE;2300;BUENO;SECA;2;0;COLISION CON OBSTACULO FIJO;0;1;0;0
22/12/2024;12;AU DELLEPIANE;DESCENDENTE;3100;BUENO;SECA;0;0;COLISION CON OBSTACULO FIJO;0;0;0;1
23/12/2024;9;AU 25 DE MAYO;DESCENDENTE;7000;BUENO;SECA;2;0;OBSTACULO NO FIJO;0;2;0;0
23/12/2024;11;AU DELLEPIANE;ASCENDENTE;1500;BUENO;SECA;0;0;COLISION CON DOS O MAS VEHICULOS;0;1;0;0
23/12/2024;16;AU 25 DE MAYO;DESCENDENTE;7500;BUENO;SECA;1;0;SINIESTRO DE UN SOLO VEHICULO / SIN COLISION;1;0;0;0
23/12/2024;17;AU ILLIA;ASCENDENTE;3700;BUENO;SECA;1;0;COLISION CON DOS O MAS VEHICULOS;1;1;0;0
23/12/2024;17;AU 25 DE MAYO;ASCENDENTE;8700;BUENO;SECA;0;0;COLISION CON DOS O MAS VEHICULOS;0;2;0;1
25/12/2024;1;AU DELLEPIANE;ASCENDENTE;4400;BUENO;SECA;1;0;COLISION CON OBSTACULO FIJO;1;0;0;0
25/12/2024;3;AU DELLEPIANE;ASCENDENTE;300;BUENO;SECA;1;0;COLISION CON OBSTACULO FIJO;0;1;0;0
25/12/2024;11;AU DELLEPIANE;ASCENDENTE;1200;BUENO;SECA;1;0;COLISION CON DOS O MAS VEHICULOS;0;2;0;0
26/12/2024;9;AV. LUGONES;DESCENDENTE;9800;BUENO;SECA;0;0;COLISION CON DOS O MAS VEHICULOS;1;1;0;0
27/12/2024;3;AU 25 DE MAYO;ASCENDENTE;9200;BUENO;SECA;0;0;COLISION CON DOS O MAS VEHICULOS;0;2;0;0
27/12/2024;9;TRANSICION RAMAL 2;RAMAL DE ENLACE;-;BUENO;SECA;0;0;COLISION CON DOS O MAS VEHICULOS;2;0;0;0
27/12/2024;9;AU DELLEPIANE;DESCENDENTE;3200;BUENO;SECA;1;0;SINIESTRO DE UN SOLO VEHICULO / SIN COLISION;1;0;0;0
27/12/2024;22;AU 25 DE MAYO;ASCENDENTE;8500;BUENO;SECA;1;0;COLISION CON DOS O MAS VEHICULOS;0;4;0;0
29/12/2024;13;AU PERITO MORENO;DESCENDENTE;1300;BUENO;SECA;2;0;SINIESTRO DE UN SOLO VEHICULO / SIN COLISION;1;0;0;0
30/12/2024;9;AU 25 DE MAYO;DESCENDENTE;2300;BUENO;SECA;0;0;COLISION CON DOS O MAS VEHICULOS;0;0;1;2
30/12/2024;17;AU 25 DE MAYO;DESCENDENTE;2800;BUENO;SECA;1;0;OBSTACULO NO FIJO;1;1;0;0
31/12/2024;7;TRANSICION RAMAL 3;RAMAL DE ENLACE;-;BUENO;SECA;1;0;COLISION CON OBSTACULO FIJO;1;0;0;0
31/12/2024;7;TRANSICION RAMAL 3;RAMAL DE ENLACE;-;BUENO;SECA;1;0;COLISION CON DOS O MAS VEHICULOS;1;1;0;0
